book_id,book_text_ids,book_mood_ids,book_mood_scores,book_genre_ids,title
1,"[19, 5, 1709, 1752, 148, 1709, 5698, 87, 17, 10483, 10608, 18, 2020, 357, 2269, 6, 1, 357, 772, 31107, 1709, 1752, 42, 5435, 53, 53, 13157, 5, 2999, 7, 8, 196, 133, 264, 20, 606, 572, 531, 5, 1500, 7, 17167, 8, 4305, 9902, 1927, 28, 1380, 1, 1, 5, 9902, 11, 2867, 6, 1560, 6, 986, 5, 18540, 10, 890, 28, 3829, 88, 44, 9, 1700, 31, 206, 6, 133, 139, 99, 5, 1723, 7, 1380, 6, 4136, 9, 22588, 10, 5, 4446, 1709, 5698, 8, 394, 9, 5, 167, 23, 237, 1, 8917, 31727, 22840, 30, 20, 8, 167, 7342, 39, 21, 1800, 1975, 9, 150, 12, 4662, 196, 10, 5, 6630, 25, 8917, 26, 58, 465, 9, 245, 24518, 3986, 16, 312, 11, 310, 3424, 234, 279, 891, 3883, 21, 235, 8, 1, 25, 81, 21, 11, 9, 8202, 21, 38, 42, 9, 534, 368, 1365, 14, 3006, 943, 137, 1564, 6, 45, 137, 438, 0, 0, 0, 0, 0, 0, 0, 0, 0, 0, 0, 0, 0, 0, 0, 0, 0, 0, 0, 0, 0, 0, 0, 0, 0, 0, 0, 0, 0, 0, 0, 0, 0, 0, 0, 0, 0, 0, 0, 0, 0, 0, 0, 0, 0, 0, 0, 0, 0, 0, 0, 0, 0, 0, 0, 0, 0, 0, 0, 0, 0, 0, 0, 0, 0, 0, 0, 0, 0, 0, 0, 0, 0, 0, 0, 0, 0, 0, 0, 0, 0, 0, 0, 0, 0, 0, 0, 0, 0, 0, 0, 0, 0, 0, 0, 0, 0]","[2, 5, 10]","[0.3898980391002473, 0.3211212099110423, 0.28898075098871046]","[6, 2, 3, 14, 4, 0, 0, 0]","The Hunger Games (The Hunger Games, #1)"
2,"[19, 428, 1894, 6, 5, 19863, 1020, 3167, 8069, 87, 17, 6812, 10293, 7090, 15026, 18, 428, 19559, 45, 11, 26808, 13, 444, 35, 245, 6, 173, 2755, 15, 13, 13654, 19655, 29, 456, 61, 9, 237, 10, 8, 1463, 8780, 251, 5, 1, 25, 13, 1868, 733, 39, 22, 1818, 8, 1327, 14, 298, 61, 5, 254, 46, 18920, 173, 8, 13103, 8, 211, 8192, 8099, 61, 27, 13, 8095, 6, 171, 61, 9, 13, 37, 562, 4751, 221, 7, 7776, 6, 1, 8, 2456, 7, 1, 66, 13, 507, 3269, 428, 272, 655, 91, 8, 1197, 26392, 25, 75, 337, 5, 7423, 3736, 22, 11, 9085, 22, 11, 5, 206, 29, 33443, 5, 52, 424, 9, 42, 98, 1663, 8, 780, 1787, 15108, 28, 5, 301, 486, 1, 29, 3260, 8, 629, 36172, 7, 5, 7423, 319, 52, 9, 11161, 83, 6897, 9, 525, 1, 6921, 60, 283, 34, 4751, 11, 5, 117, 7, 13, 217, 50, 156, 11, 6198, 97, 11, 8, 227, 130, 3145, 389, 337, 5, 1963, 7770, 6, 428, 834, 129, 13, 4413, 9, 1642, 30, 27, 740, 43, 301, 3334, 25, 823, 71, 38, 343, 61, 43, 4012, 15, 355, 54, 463, 64, 22, 98, 102, 42, 1, 7, 6768, 1574, 3108, 2241, 14169, 6, 2195, 1475, 14818, 5, 60, 1692, 10, 5, 199, 20665, 24, 373, 507, 55, 6, 561, 5, 1722, 16, 176, 7212, 677, 9, 2904, 0, 0, 0, 0, 0, 0, 0, 0, 0, 0, 0, 0, 0, 0, 0, 0, 0, 0, 0, 0]","[8, 4, 2]","[0.363291005706721, 0.3336798351117611, 0.30302915918151796]","[3, 2, 6, 8, 0, 0, 0, 0]","Harry Potter and the Sorcerer's Stone (Harry Potter, #1)"
3,"[19, 2224, 12115, 87, 17, 9819, 6174, 18, 46, 123, 189, 77, 41, 4702, 49901, 1655, 1750, 41, 8, 7403, 5371, 97, 41, 8, 250, 7, 13675, 77, 855, 160, 62, 8368, 14, 250, 232, 1, 1, 16, 114, 2601, 6, 19991, 77, 41, 1, 6, 5721, 10, 65, 15, 291, 511, 1853, 6, 5686, 5796, 2224, 11, 8, 65, 57, 15, 18172, 0, 0, 0, 0, 0, 0, 0, 0, 0, 0, 0, 0, 0, 0, 0, 0, 0, 0, 0, 0, 0, 0, 0, 0, 0, 0, 0, 0, 0, 0, 0, 0, 0, 0, 0, 0, 0, 0, 0, 0, 0, 0, 0, 0, 0, 0, 0, 0, 0, 0, 0, 0, 0, 0, 0, 0, 0, 0, 0, 0, 0, 0, 0, 0, 0, 0, 0, 0, 0, 0, 0, 0, 0, 0, 0, 0, 0, 0, 0, 0, 0, 0, 0, 0, 0, 0, 0, 0, 0, 0, 0, 0, 0, 0, 0, 0, 0, 0, 0, 0, 0, 0, 0, 0, 0, 0, 0, 0, 0, 0, 0, 0, 0, 0, 0, 0, 0, 0, 0, 0, 0, 0, 0, 0, 0, 0, 0, 0, 0, 0, 0, 0, 0, 0, 0, 0, 0, 0, 0, 0, 0, 0, 0, 0, 0, 0, 0, 0, 0, 0, 0, 0, 0, 0, 0, 0, 0, 0, 0, 0, 0, 0, 0, 0, 0, 0, 0, 0, 0, 0, 0, 0, 0, 0, 0, 0, 0, 0, 0, 0, 0, 0, 0, 0, 0, 0, 0, 0, 0, 0, 0, 0, 0]","[4, 5, 6]","[0.34928181068898745, 0.32646915282397804, 0.3242490364870345]","[6, 3, 4, 2, 15, 0, 0, 0]","Twilight (Twilight, #1)"
4,"[19, 9, 525, 8, 17035, 17, 38493, 10832, 18, 5, 373, 95, 7, 8, 510, 10, 8, 3783, 1200, 253, 6, 5, 2480, 7, 8331, 14, 7018, 475, 9, 525, 8, 17035, 476, 119, 24, 2039, 514, 6, 8, 1602, 722, 39, 30, 41, 60, 398, 10, 17864, 30, 813, 23, 9, 920, 5, 1484, 1198, 10, 20396, 6, 41, 885, 193, 43, 24, 1741, 845, 4741, 116, 8, 1, 8829, 6, 511, 2829, 9, 525, 8, 17035, 171, 185, 9, 5, 3597, 7, 134, 2965, 67, 9, 2242, 6, 3925, 7630, 6, 5659, 65, 6, 13652, 1258, 6, 34503, 69, 15, 109, 5409, 672, 1964, 10, 4650, 6, 3710, 43, 2411, 8926, 33, 14058, 57, 28, 8, 79, 13227, 111, 1635, 2183, 16065, 2786, 1593, 197, 1653, 12, 73, 9, 36, 8, 536, 65, 1201, 1067, 30, 11, 4411, 20, 8, 1445, 7, 149, 2354, 0, 0, 0, 0, 0, 0, 0, 0, 0, 0, 0, 0, 0, 0, 0, 0, 0, 0, 0, 0, 0, 0, 0, 0, 0, 0, 0, 0, 0, 0, 0, 0, 0, 0, 0, 0, 0, 0, 0, 0, 0, 0, 0, 0, 0, 0, 0, 0, 0, 0, 0, 0, 0, 0, 0, 0, 0, 0, 0, 0, 0, 0, 0, 0, 0, 0, 0, 0, 0, 0, 0, 0, 0, 0, 0, 0, 0, 0, 0, 0, 0, 0, 0, 0, 0, 0, 0, 0, 0, 0, 0, 0, 0, 0, 0, 0, 0, 0, 0, 0, 0, 0, 0, 0, 0, 0, 0, 0, 0, 0]","[4, 7, 2]","[0.37928979584639944, 0.3161107803692478, 0.30459942378435284]","[8, 2, 10, 6, 0, 0, 0, 0]",To Kill a Mockingbird
5,"[19, 5, 157, 25811, 17, 15979, 1052, 14963, 18, 550, 344, 241, 10800, 1, 13145, 1, 157, 32166, 2863, 1052, 14964, 689, 515, 950, 20, 5, 3360, 3055, 7, 13, 2477, 33, 25543, 95, 7, 5, 3202, 348, 26, 58, 466, 28, 1415, 7, 2799, 5, 57, 11, 7, 5, 21527, 1080, 5311, 25811, 6, 13, 37, 65, 16, 5, 209, 4235, 40622, 7, 5321, 2991, 23, 159, 597, 34, 8, 82, 39, 5, 37, 104, 131, 11761, 1, 41, 5, 742, 4022, 6, 949, 5, 742, 1, 30, 11, 24, 6113, 2638, 174, 7, 572, 10, 5, 1, 157, 25811, 11, 31, 7, 5, 157, 1805, 7, 5806, 1, 6570, 0, 0, 0, 0, 0, 0, 0, 0, 0, 0, 0, 0, 0, 0, 0, 0, 0, 0, 0, 0, 0, 0, 0, 0, 0, 0, 0, 0, 0, 0, 0, 0, 0, 0, 0, 0, 0, 0, 0, 0, 0, 0, 0, 0, 0, 0, 0, 0, 0, 0, 0, 0, 0, 0, 0, 0, 0, 0, 0, 0, 0, 0, 0, 0, 0, 0, 0, 0, 0, 0, 0, 0, 0, 0, 0, 0, 0, 0, 0, 0, 0, 0, 0, 0, 0, 0, 0, 0, 0, 0, 0, 0, 0, 0, 0, 0, 0, 0, 0, 0, 0, 0, 0, 0, 0, 0, 0, 0, 0, 0, 0, 0, 0, 0, 0, 0, 0, 0, 0, 0, 0, 0, 0, 0, 0, 0, 0, 0, 0, 0, 0, 0, 0, 0, 0, 0, 0, 0, 0, 0, 0, 0, 0, 0, 0]","[13, 3, 5]","[0.34567189396932335, 0.34191776241988797, 0.3124103436107887]","[8, 2, 10, 4, 0, 0, 0, 0]",The Great Gatsby
6,"[19, 5, 7193, 10, 90, 2179, 17, 921, 10056, 18, 619, 5, 1, 960, 2218, 14, 26, 6544, 12, 8, 341, 400, 8432, 26, 80, 58, 345, 25, 1, 12, 401, 1633, 26216, 376, 1, 25, 39, 8, 1340, 893, 3287, 293, 16106, 3620, 412, 1220, 34, 4225, 1517, 2396, 9404, 45203, 57, 11, 46, 9, 36, 849, 1, 6542, 9448, 6, 11834, 5, 7193, 10, 90, 2179, 11, 845, 121, 309, 32315, 49, 1277, 6, 1913, 143, 1958, 954, 4892, 5, 934, 5191, 6, 785, 451, 7, 154, 1000, 6, 10, 438, 0, 0, 0, 0, 0, 0, 0, 0, 0, 0, 0, 0, 0, 0, 0, 0, 0, 0, 0, 0, 0, 0, 0, 0, 0, 0, 0, 0, 0, 0, 0, 0, 0, 0, 0, 0, 0, 0, 0, 0, 0, 0, 0, 0, 0, 0, 0, 0, 0, 0, 0, 0, 0, 0, 0, 0, 0, 0, 0, 0, 0, 0, 0, 0, 0, 0, 0, 0, 0, 0, 0, 0, 0, 0, 0, 0, 0, 0, 0, 0, 0, 0, 0, 0, 0, 0, 0, 0, 0, 0, 0, 0, 0, 0, 0, 0, 0, 0, 0, 0, 0, 0, 0, 0, 0, 0, 0, 0, 0, 0, 0, 0, 0, 0, 0, 0, 0, 0, 0, 0, 0, 0, 0, 0, 0, 0, 0, 0, 0, 0, 0, 0, 0, 0, 0, 0, 0, 0, 0, 0, 0, 0, 0, 0, 0, 0, 0, 0, 0, 0, 0, 0, 0, 0, 0, 0, 0, 0, 0, 0, 0, 0, 0]","[4, 2, 3]","[0.420923335953159, 0.29273083636331, 0.286345827683531]","[6, 4, 2, 5, 0, 0, 0, 0]",The Fault in Our Stars
7,"[19, 5, 9423, 17, 15986, 23431, 18, 10, 8, 3750, 10, 5, 1998, 97, 630, 8, 1, 50, 8, 34082, 13468, 9761, 8442, 535, 15, 5, 1125, 7, 17730, 6, 24, 1, 27907, 1402, 191, 8, 31464, 18120, 11010, 3750, 15, 202, 10, 30, 9, 3443, 184, 23, 56, 9, 1, 30, 41, 8, 1, 6, 14, 357, 1, 16, 11649, 20020, 74, 876, 5, 9423, 729, 15, 2039, 1602, 6516, 39, 30, 41, 60, 398, 10, 38166, 69, 4069, 20, 8, 1262, 2340, 33, 717, 9, 5, 9423, 14612, 39722, 5, 1861, 1, 44736, 6, 5, 2752, 55, 7, 13851, 2251, 7, 5, 677, 7, 8, 2391, 3253, 8, 190, 6, 227, 8108, 6, 5, 1560, 1070, 1, 5, 33592, 5, 1046, 10, 33, 1, 1979, 241, 11, 726, 23, 14, 60, 398, 10, 157, 4572, 28, 8324, 286, 1805, 1, 6, 520, 8, 2617, 23, 5, 1046, 28, 4021, 1206, 4218, 1, 0, 0, 0, 0, 0, 0, 0, 0, 0, 0, 0, 0, 0, 0, 0, 0, 0, 0, 0, 0, 0, 0, 0, 0, 0, 0, 0, 0, 0, 0, 0, 0, 0, 0, 0, 0, 0, 0, 0, 0, 0, 0, 0, 0, 0, 0, 0, 0, 0, 0, 0, 0, 0, 0, 0, 0, 0, 0, 0, 0, 0, 0, 0, 0, 0, 0, 0, 0, 0, 0, 0, 0, 0, 0, 0, 0, 0, 0, 0, 0, 0, 0, 0, 0, 0, 0, 0, 0, 0, 0, 0, 0, 0, 0, 0, 0, 0, 0, 0, 0, 0, 0]","[9, 7, 12]","[0.35100946402628075, 0.3266292915006536, 0.3223612444730656]","[3, 8, 2, 6, 0, 0, 0, 0]",The Hobbit
8,"[19, 5, 14676, 10, 5, 27657, 17, 3627, 27679, 18, 5, 1, 7, 5, 14676, 10, 5, 27657, 11, 24, 285, 392, 7, 7725, 8, 1950, 37, 6798, 293, 8441, 41014, 86, 2521, 14, 7379, 9, 1, 10496, 1, 25222, 22, 679, 13, 9019, 221, 10, 9559, 6, 402, 1487, 10, 37, 104, 204, 16, 123, 4465, 5, 206, 194, 11, 34, 133, 183, 536, 6, 183, 883, 16, 124, 9, 108, 170, 401, 13395, 46, 61, 56, 13, 1201, 790, 5, 27668, 281, 92, 47, 725, 46, 8441, 11, 14, 22, 41, 430, 10, 5, 55, 50, 70, 15642, 3462, 9, 609, 2559, 1, 7603, 32776, 23, 314, 97, 35, 176, 2470, 10, 33, 11762, 1316, 7073, 1288, 7073, 1487, 1, 1, 756, 11, 5, 49, 6599, 7, 706, 28278, 13, 74, 1, 191, 2666, 22288, 3072, 9, 475, 22, 1482, 8, 2067, 39445, 3066, 7, 3955, 1431, 6, 9011, 754, 91, 49, 1773, 6, 1, 6, 8065, 7, 5, 2656, 22532, 22, 986, 49, 7, 5, 1431, 3883, 6, 2785, 1534, 5, 1921, 22, 552, 1680, 56, 561, 24373, 15, 44, 13, 901, 30, 11, 97, 16, 5, 817, 29, 47, 3333, 30, 9, 12627, 22030, 1, 258, 95, 7, 918, 18036, 6, 3972, 41, 60, 398, 10, 38176, 5, 95, 41, 2454, 23, 17599, 8687, 1549, 7, 5, 2762, 117, 11482, 607, 308, 208, 38152, 30, 41, 293, 28, 286, 1369, 6, 68, 185, 20, 31, 7, 5, 2762, 117, 11482, 607, 7, 5, 3235, 1746, 30, 26, 58, 4901, 4718, 10, 5]","[8, 4, 2]","[0.43230290860003984, 0.32136363314729155, 0.24633345825266853]","[8, 2, 6, 0, 0, 0, 0, 0]",The Catcher in the Rye
9,"[19, 2154, 248, 1317, 17832, 19141, 87, 17, 6036, 4346, 18, 6797, 3135, 36148, 948, 8925, 11, 3447, 9, 8, 5797, 998, 10018, 9, 11289, 8, 3649, 4817, 19769, 43, 5, 14697, 7, 8, 914, 1, 48, 22, 262, 11, 1, 8, 352, 8656, 137, 5, 3389, 1666, 28, 8, 5855, 1487, 2319, 115, 5, 1, 10, 8, 390, 635, 9, 216, 5, 13057, 27, 8, 190, 82, 16176, 8925, 2212, 355, 10, 3697, 15, 5, 209, 6, 211, 2939, 1, 1, 220, 40, 2378, 23, 8, 6627, 1024, 86, 8116, 1, 227, 30492, 6, 4877, 41008, 6, 43, 5, 2307, 7, 5, 49, 3699, 15777, 23, 1, 19203, 45793, 1, 6570, 0, 0, 0, 0, 0, 0, 0, 0, 0, 0, 0, 0, 0, 0, 0, 0, 0, 0, 0, 0, 0, 0, 0, 0, 0, 0, 0, 0, 0, 0, 0, 0, 0, 0, 0, 0, 0, 0, 0, 0, 0, 0, 0, 0, 0, 0, 0, 0, 0, 0, 0, 0, 0, 0, 0, 0, 0, 0, 0, 0, 0, 0, 0, 0, 0, 0, 0, 0, 0, 0, 0, 0, 0, 0, 0, 0, 0, 0, 0, 0, 0, 0, 0, 0, 0, 0, 0, 0, 0, 0, 0, 0, 0, 0, 0, 0, 0, 0, 0, 0, 0, 0, 0, 0, 0, 0, 0, 0, 0, 0, 0, 0, 0, 0, 0, 0, 0, 0, 0, 0, 0, 0, 0, 0, 0, 0, 0, 0, 0, 0, 0, 0, 0, 0, 0, 0, 0, 0, 0, 0, 0, 0, 0, 0]","[8, 6, 2]","[0.42675649909422625, 0.3169446825956577, 0.256298818310116]","[2, 7, 9, 13, 12, 10, 0, 0]","Angels & Demons  (Robert Langdon, #1)"
10,"[19, 3040, 6, 4400, 17, 6276, 29854, 18, 550, 344, 241, 7, 1097, 1, 68, 3755, 722, 10, 1, 3040, 6, 4400, 26, 3974, 31, 7, 5, 49, 489, 607, 10, 5, 460, 5528, 804, 7115, 292, 33, 387, 143, 28760, 74, 8807, 1, 6, 68, 11168, 6641, 880, 30049, 15860, 2692, 8, 1993, 20, 98, 1901, 10, 1, 5, 928, 2853, 99, 5, 17126, 880, 6, 12, 2545, 24502, 652, 21223, 11, 8, 6762, 4394, 7, 9269, 1, 6, 804, 16108, 8085, 1397, 35859, 20, 12, 397, 1589, 8, 3740, 1, 7, 14967, 6, 2383, 368, 33, 73, 5, 49, 3448, 2055, 7, 8017, 7, 19652, 3923, 0, 0, 0, 0, 0, 0, 0, 0, 0, 0, 0, 0, 0, 0, 0, 0, 0, 0, 0, 0, 0, 0, 0, 0, 0, 0, 0, 0, 0, 0, 0, 0, 0, 0, 0, 0, 0, 0, 0, 0, 0, 0, 0, 0, 0, 0, 0, 0, 0, 0, 0, 0, 0, 0, 0, 0, 0, 0, 0, 0, 0, 0, 0, 0, 0, 0, 0, 0, 0, 0, 0, 0, 0, 0, 0, 0, 0, 0, 0, 0, 0, 0, 0, 0, 0, 0, 0, 0, 0, 0, 0, 0, 0, 0, 0, 0, 0, 0, 0, 0, 0, 0, 0, 0, 0, 0, 0, 0, 0, 0, 0, 0, 0, 0, 0, 0, 0, 0, 0, 0, 0, 0, 0, 0, 0, 0, 0, 0, 0, 0, 0, 0, 0, 0, 0, 0, 0, 0, 0, 0, 0, 0, 0, 0, 0, 0, 0, 0]","[13, 12, 2]","[0.40139689263377715, 0.311126118929161, 0.2874769884370618]","[8, 2, 4, 10, 0, 0, 0, 0]",Pride and Prejudice
11,"[19, 5, 15164, 8112, 17, 29340, 26103, 18, 5, 7399, 1913, 57, 7, 5, 897, 708, 99, 8, 1080, 206, 6, 5, 313, 7, 13, 1668, 23067, 5, 15164, 8112, 11, 8, 1528, 2638, 95, 162, 10, 8, 416, 14, 11, 10, 5, 2428, 7, 154, 5667, 30, 11, 46, 5, 166, 7, 6721, 5, 1470, 7, 1681, 6, 5, 2710, 7, 35044, 6, 24, 1461, 7, 5, 166, 7, 4479, 109, 1, 267, 32, 27665, 32, 1, 2327, 57, 7, 339, 267, 6, 708, 380, 137, 5, 879, 2336, 7, 5, 224, 7, 8706, 109, 5, 118, 1569, 400, 5, 15164, 8112, 11, 24, 1381, 6, 190, 95, 14, 26, 142, 8, 7483, 9546, 1, 0, 0, 0, 0, 0, 0, 0, 0, 0, 0, 0, 0, 0, 0, 0, 0, 0, 0, 0, 0, 0, 0, 0, 0, 0, 0, 0, 0, 0, 0, 0, 0, 0, 0, 0, 0, 0, 0, 0, 0, 0, 0, 0, 0, 0, 0, 0, 0, 0, 0, 0, 0, 0, 0, 0, 0, 0, 0, 0, 0, 0, 0, 0, 0, 0, 0, 0, 0, 0, 0, 0, 0, 0, 0, 0, 0, 0, 0, 0, 0, 0, 0, 0, 0, 0, 0, 0, 0, 0, 0, 0, 0, 0, 0, 0, 0, 0, 0, 0, 0, 0, 0, 0, 0, 0, 0, 0, 0, 0, 0, 0, 0, 0, 0, 0, 0, 0, 0, 0, 0, 0, 0, 0, 0, 0, 0, 0, 0, 0, 0, 0, 0, 0, 0, 0, 0, 0, 0, 0, 0]","[2, 4, 5]","[0.3577332300692124, 0.34287502475795884, 0.29939174517282874]","[2, 10, 5, 8, 0, 0, 0, 0]",The Kite Runner
12,"[19, 4470, 10456, 87, 17, 8701, 6736, 18, 10, 8284, 1, 6098, 2054, 319, 576, 11, 2482, 43, 338, 43686, 136, 2607, 9, 5, 42066, 7, 8, 2878, 1, 148, 1, 38667, 148, 1, 12366, 148, 1, 1, 148, 1, 6, 31681, 148, 1, 23, 24, 9219, 175, 7, 112, 1615, 44, 1, 85, 9058, 5, 7564, 9, 96, 40, 38, 18507, 5, 760, 7, 32, 789, 16, 30010, 5, 1268, 11, 99, 2366, 15, 12, 94, 6, 154, 29, 21, 279, 1, 282, 42, 5442, 71, 21, 238, 8, 737, 14, 3361, 5275, 353, 1, 5, 694, 5046, 9436, 14, 21615, 8284, 1, 177, 9729, 6, 668, 2898, 12, 1071, 12594, 9, 237, 59, 5, 737, 40, 42, 6403, 220, 40, 85, 20081, 1939, 1187, 4818, 7, 11481, 6, 1769, 1552, 1, 135, 15, 879, 4129, 20, 9436, 3885, 88, 508, 9729, 85, 3319, 29, 12, 214, 279, 1, 7772, 14919, 8, 761, 15, 8, 608, 5278, 608, 25538, 206, 7198, 43, 5, 45, 152, 16283, 25, 9729, 116, 26, 8, 1715, 31, 152, 958, 389, 27, 325, 244, 152, 58, 5401, 30, 47, 886, 749, 6, 20, 21, 262, 11156, 6, 549, 1685, 14, 1406, 9, 1856, 12, 963, 260, 2139, 21, 116, 408, 14, 12, 130, 232, 165, 12, 216, 169, 21, 577, 53, 53, 53, 56, 30, 232, 455, 265, 0, 0, 0, 0, 0, 0, 0, 0, 0, 0, 0, 0, 0, 0, 0, 0, 0, 0, 0, 0, 0, 0, 0, 0, 0, 0, 0, 0, 0, 0, 0, 0]","[6, 10, 4]","[0.429492792836416, 0.3145973217959834, 0.2559098853676006]","[6, 2, 3, 14, 4, 0, 0, 0]","Divergent (Divergent, #1)"
15,"[19, 5, 1590, 7, 8, 79, 139, 17, 2186, 16618, 1, 1, 1, 1, 18, 661, 10, 5, 5630, 10, 96, 21, 645, 5, 118, 84, 7, 12, 217, 748, 32048, 396, 1590, 26, 142, 8, 55, 41347, 190, 6727, 7, 5, 2576, 7, 144, 6, 24, 6599, 2717, 9, 5, 134, 2804, 10, 14441, 15, 5, 6187, 27009, 13684, 8, 3708, 2613, 139, 6, 12, 94, 3932, 32, 172, 10, 13241, 6, 813, 43, 18914, 16, 5, 287, 72, 400, 168, 32, 12050, 128, 2688, 9, 5, 25832, 5, 44257, 6, 215, 94, 630, 9919, 10, 5, 1, 1, 7, 24, 151, 1501, 7835, 1788, 187, 27, 5, 769, 319, 40, 1149, 10084, 30214, 5, 2158, 25092, 7, 236, 10, 8788, 22782, 6, 5, 31722, 964, 7, 1091, 6, 749, 10, 12, 1590, 748, 1127, 7005, 966, 21945, 7, 12, 1254, 321, 33, 12789, 28, 304, 11123, 2829, 6, 3881, 11613, 12, 543, 411, 8, 784, 3906, 23, 134, 738, 6, 44241, 6, 8, 697, 23054, 7, 8, 3701, 6, 3787, 79, 111, 161, 1143, 41, 8180, 1788, 1, 344, 0, 0, 0, 0, 0, 0, 0, 0, 0, 0, 0, 0, 0, 0, 0, 0, 0, 0, 0, 0, 0, 0, 0, 0, 0, 0, 0, 0, 0, 0, 0, 0, 0, 0, 0, 0, 0, 0, 0, 0, 0, 0, 0, 0, 0, 0, 0, 0, 0, 0, 0, 0, 0, 0, 0, 0, 0, 0, 0, 0, 0, 0, 0, 0, 0, 0, 0, 0, 0, 0, 0, 0, 0, 0, 0]","[4, 7, 6]","[0.3360251393076823, 0.3321123667801534, 0.3318624939121642]","[11, 8, 18, 19, 21, 0, 0, 0]",The Diary of a Young Girl
16,"[19, 5, 139, 15, 5, 1070, 4673, 23901, 87, 17, 24146, 22122, 23840, 16878, 18, 8431, 1, 8, 5981, 7, 31, 7, 28111, 7078, 1178, 2693, 109, 2411, 84, 1649, 44, 141, 84, 527, 12, 6046, 1822, 810, 9, 1214, 5, 2145, 22, 6135, 19295, 13307, 8, 12359, 2040, 1537, 1036, 28, 8, 33378, 25016, 9, 8904, 22, 11, 5418, 28, 5, 12806, 6, 5190, 7305, 8552, 9488, 27677, 220, 40, 12987, 43, 8, 15778, 7, 14307, 46000, 6, 983, 1, 482, 5560, 9060, 23250, 33301, 5, 139, 15, 5, 1070, 4673, 2903, 305, 1627, 94, 1852, 65, 624, 6, 1477, 2243, 43, 31, 1, 883, 6, 1, 6835, 1, 344, 241, 1097, 1, 13145, 1, 0, 0, 0, 0, 0, 0, 0, 0, 0, 0, 0, 0, 0, 0, 0, 0, 0, 0, 0, 0, 0, 0, 0, 0, 0, 0, 0, 0, 0, 0, 0, 0, 0, 0, 0, 0, 0, 0, 0, 0, 0, 0, 0, 0, 0, 0, 0, 0, 0, 0, 0, 0, 0, 0, 0, 0, 0, 0, 0, 0, 0, 0, 0, 0, 0, 0, 0, 0, 0, 0, 0, 0, 0, 0, 0, 0, 0, 0, 0, 0, 0, 0, 0, 0, 0, 0, 0, 0, 0, 0, 0, 0, 0, 0, 0, 0, 0, 0, 0, 0, 0, 0, 0, 0, 0, 0, 0, 0, 0, 0, 0, 0, 0, 0, 0, 0, 0, 0, 0, 0, 0, 0, 0, 0, 0, 0, 0, 0, 0, 0, 0, 0, 0, 0, 0, 0, 0, 0, 0, 0]","[6, 2, 5]","[0.35446231234613096, 0.33564014904922634, 0.3098975386046427]","[2, 7, 13, 5, 9, 12, 0, 0]","The Girl with the Dragon Tattoo (Millennium, #1)"
17,"[19, 5446, 634, 148, 1709, 5698, 164, 17, 10483, 10608, 18, 2323, 35, 1, 35, 1, 5, 2560, 201, 1, 44, 5341, 8917, 31727, 26, 1663, 5, 1709, 6630, 21, 6, 1071, 6094, 5009, 5804, 27155, 1, 35, 6966, 188, 1543, 8917, 375, 36, 27504, 775, 25523, 191, 202, 11, 5, 100, 8917, 3053, 30, 9, 1724, 25791, 837, 12, 34, 24, 3409, 13479, 27155, 26, 470, 13, 105, 23, 12, 9926, 6, 97, 35, 4436, 7, 8, 3972, 137, 5, 9902, 67, 8, 3972, 14, 8917, 6, 27155, 140, 42, 1416, 1, 9, 12, 11041, 8917, 26, 5084, 24, 11156, 14, 152, 2073, 21, 590, 11938, 6, 48, 17385, 12, 75, 54, 11, 14, 152, 50, 1908, 1493, 21, 375, 15739, 20, 82, 1223, 990, 16, 8917, 6, 27155, 9, 1599, 5, 18540, 23, 5, 1, 1560, 2676, 17612, 5, 2253, 35, 2656, 64, 1973, 81, 40, 282, 1, 234, 8, 755, 7, 8, 9986, 14, 40, 35, 243, 10, 32, 65, 16, 136, 1816, 5, 1338, 38, 36, 1, 8917, 11, 46, 9, 36, 2891, 20, 80, 1252, 0, 0, 0, 0, 0, 0, 0, 0, 0, 0, 0, 0, 0, 0, 0, 0, 0, 0, 0, 0, 0, 0, 0, 0, 0, 0, 0, 0, 0, 0, 0, 0, 0, 0, 0, 0, 0, 0, 0, 0, 0, 0, 0, 0, 0, 0, 0, 0, 0, 0, 0, 0, 0, 0, 0, 0, 0, 0, 0, 0, 0, 0, 0, 0, 0, 0, 0, 0, 0, 0, 0, 0, 0, 0, 0, 0]","[2, 4, 10]","[0.3774700660385042, 0.32726232368800384, 0.29526761027349196]","[6, 2, 3, 14, 4, 0, 0, 0]","Catching Fire (The Hunger Games, #2)"
18,"[19, 428, 1894, 6, 5, 2883, 7, 29901, 3167, 8069, 242, 17, 6812, 10293, 7090, 1, 37688, 39924, 18, 428, 19559, 689, 283, 34, 4751, 11, 323, 7, 37, 1, 8, 3119, 8032, 35725, 4451, 26, 641, 59, 7, 29901, 3149, 6, 30, 278, 173, 83, 45141, 69, 4751, 11, 154, 1, 28, 5, 42370, 5, 29901, 5703, 29, 35, 2038, 1, 25, 428, 282, 2657, 14, 35725, 5137, 16, 14, 8950, 5, 301, 486, 28486, 102, 36, 54, 2347, 64, 5, 1, 3523, 29, 42, 5, 422, 166, 9, 4143, 413, 40, 155, 276, 15, 8702, 5734, 6, 7536, 1259, 45, 810, 20, 4095, 34, 1, 8, 1, 20869, 171, 6921, 722, 34, 1, 5, 9674, 7, 5, 7423, 319, 9, 37, 18896, 8, 4356, 1, 847, 3311, 13, 5899, 6, 22, 235, 465, 15, 5, 37, 2266, 7, 5, 126, 3635, 3987, 29, 41, 8, 510, 273, 7, 13, 1833, 191, 619, 5, 6726, 2464, 7, 45, 34, 4751, 6, 5, 117, 1996, 7, 5, 42370, 5, 964, 7, 35725, 261, 1023, 98, 11385, 25, 81, 428, 26, 798, 345, 27, 13, 2449, 10, 36981, 30, 11, 14, 189, 35, 477, 50, 48, 40, 9641, 785, 10276, 4150, 9699, 6, 7212, 507, 677, 4712, 5, 206, 1861, 10, 33, 907, 6, 1698, 689, 1692, 7, 5, 299, 1, 0, 0, 0, 0, 0, 0, 0, 0, 0, 0, 0, 0, 0, 0, 0, 0, 0, 0, 0, 0, 0, 0, 0, 0, 0, 0, 0, 0, 0, 0, 0, 0, 0, 0, 0, 0]","[2, 5, 6]","[0.33667504644388463, 0.33217613935417556, 0.3311488142019398]","[3, 6, 2, 8, 0, 0, 0, 0]","Harry Potter and the Prisoner of Azkaban (Harry Potter, #3)"
20,"[19, 48224, 148, 1709, 5698, 242, 17, 10483, 10608, 18, 5, 401, 73, 10, 5, 18841, 1709, 1752, 866, 33, 37, 21613, 241, 7, 48224, 11, 1122, 16, 8, 6168, 2994, 7, 459, 137, 44, 5341, 8917, 31727, 26, 1663, 5, 1709, 1752, 23506, 25, 69, 14, 152, 193, 30, 59, 7, 5, 1315, 10523, 2682, 152, 188, 50, 2800, 5, 9902, 11, 24300, 5, 9902, 201, 3436, 29, 106, 40, 448, 375, 1153, 16, 5, 1, 1, 6, 1359, 1783, 915, 1719, 26, 193, 30, 647, 14, 63, 31, 764, 11, 1144, 7551, 50, 1, 339, 50, 12, 671, 50, 5, 110, 7, 6094, 29096, 0, 0, 0, 0, 0, 0, 0, 0, 0, 0, 0, 0, 0, 0, 0, 0, 0, 0, 0, 0, 0, 0, 0, 0, 0, 0, 0, 0, 0, 0, 0, 0, 0, 0, 0, 0, 0, 0, 0, 0, 0, 0, 0, 0, 0, 0, 0, 0, 0, 0, 0, 0, 0, 0, 0, 0, 0, 0, 0, 0, 0, 0, 0, 0, 0, 0, 0, 0, 0, 0, 0, 0, 0, 0, 0, 0, 0, 0, 0, 0, 0, 0, 0, 0, 0, 0, 0, 0, 0, 0, 0, 0, 0, 0, 0, 0, 0, 0, 0, 0, 0, 0, 0, 0, 0, 0, 0, 0, 0, 0, 0, 0, 0, 0, 0, 0, 0, 0, 0, 0, 0, 0, 0, 0, 0, 0, 0, 0, 0, 0, 0, 0, 0, 0, 0, 0, 0, 0, 0, 0, 0, 0, 0, 0, 0, 0, 0, 0, 0, 0]","[2, 5, 10]","[0.429754605385797, 0.2939537027520893, 0.27629169186211366]","[6, 2, 3, 14, 4, 0, 0, 0]","Mockingjay (The Hunger Games, #3)"
21,"[19, 428, 1894, 6, 5, 504, 7, 5, 8543, 3167, 8069, 704, 17, 6812, 10293, 7090, 15026, 18, 97, 11, 8, 1182, 34, 5, 249, 7, 8, 1777, 1, 6, 315, 925, 428, 1, 2200, 195, 764, 113, 22, 36, 3454, 10, 5, 621, 7, 5, 673, 12907, 10, 1, 26, 8, 718, 23, 13, 481, 16, 2016, 13, 1562, 283, 34, 45521, 8, 2266, 137, 5, 126, 3635, 1231, 15, 8, 4058, 91, 6706, 1, 8, 320, 2142, 23, 5, 1, 10252, 1, 6, 5, 4274, 1175, 7, 5, 529, 7423, 3414, 1, 25, 44, 141, 189, 5140, 287, 9, 5, 549, 964, 7, 1, 67, 8, 964, 14, 1016, 5, 507, 1003, 1402, 5, 4568, 34, 4751, 47, 1, 5, 4747, 7, 687, 1, 428, 85, 296, 5, 210, 3547, 6, 1044, 7, 13, 671, 5, 3199, 7, 9883, 4278, 6, 5, 496, 1470, 7, 4683, 1, 405, 4729, 23, 88, 706, 0, 0, 0, 0, 0, 0, 0, 0, 0, 0, 0, 0, 0, 0, 0, 0, 0, 0, 0, 0, 0, 0, 0, 0, 0, 0, 0, 0, 0, 0, 0, 0, 0, 0, 0, 0, 0, 0, 0, 0, 0, 0, 0, 0, 0, 0, 0, 0, 0, 0, 0, 0, 0, 0, 0, 0, 0, 0, 0, 0, 0, 0, 0, 0, 0, 0, 0, 0, 0, 0, 0, 0, 0, 0, 0, 0, 0, 0, 0, 0, 0, 0, 0, 0, 0, 0, 0, 0, 0, 0, 0, 0, 0, 0, 0, 0, 0, 0, 0, 0, 0, 0]","[6, 8, 4]","[0.43224033174032306, 0.290009468610806, 0.27775019964887093]","[3, 6, 2, 8, 0, 0, 0, 0]","Harry Potter and the Order of the Phoenix (Harry Potter, #5)"
22,"[19, 5, 2491, 1704, 17, 7095, 35503, 18, 12088, 439, 41, 35380, 91, 5, 1, 60, 3679, 1, 77, 41, 4147, 39, 77, 41, 914, 23, 4593, 13170, 1, 192, 5, 57, 7, 1, 35380, 29, 11, 13213, 9, 12, 37, 172, 10, 6923, 8, 196, 14, 11, 50, 34, 44, 48, 21, 18681, 75, 20, 21, 11, 2148, 45, 23, 537, 1667, 234, 12, 115, 12, 214, 6249, 3352, 46, 12, 8823, 12, 384, 469, 9, 344, 13, 11992, 12, 12534, 94, 36626, 59, 7, 2184, 791, 6, 1917, 5, 2491, 1704, 15646, 17029, 10, 1465, 8, 174, 535, 15, 2533, 1355, 2254, 75, 7995, 0, 0, 0, 0, 0, 0, 0, 0, 0, 0, 0, 0, 0, 0, 0, 0, 0, 0, 0, 0, 0, 0, 0, 0, 0, 0, 0, 0, 0, 0, 0, 0, 0, 0, 0, 0, 0, 0, 0, 0, 0, 0, 0, 0, 0, 0, 0, 0, 0, 0, 0, 0, 0, 0, 0, 0, 0, 0, 0, 0, 0, 0, 0, 0, 0, 0, 0, 0, 0, 0, 0, 0, 0, 0, 0, 0, 0, 0, 0, 0, 0, 0, 0, 0, 0, 0, 0, 0, 0, 0, 0, 0, 0, 0, 0, 0, 0, 0, 0, 0, 0, 0, 0, 0, 0, 0, 0, 0, 0, 0, 0, 0, 0, 0, 0, 0, 0, 0, 0, 0, 0, 0, 0, 0, 0, 0, 0, 0, 0, 0, 0, 0, 0, 0, 0, 0, 0, 0, 0, 0, 0, 0, 0, 0, 0, 0, 0, 0, 0, 0]","[4, 2, 5]","[0.3592374529908369, 0.35654914070265653, 0.2842134063065066]","[2, 7, 6, 5, 3, 12, 0, 0]",The Lovely Bones
23,"[19, 428, 1894, 6, 5, 7502, 7, 225, 3167, 8069, 164, 17, 6812, 10293, 7090, 15026, 18, 98, 208, 428, 1894, 93, 155, 172, 16, 5, 2141, 5, 42988, 93, 58, 71, 886, 6, 4750, 14, 44, 428, 783, 41, 9, 122, 105, 9, 5, 4751, 221, 16, 7776, 6, 23692, 25, 70, 20, 302, 10921, 13, 20718, 428, 1818, 8, 3795, 27, 8, 330, 1, 1993, 29, 1213, 14, 81, 428, 505, 9, 26080, 1969, 38, 1, 1801, 30, 5888, 16, 10, 32449, 310, 283, 34, 26080, 1072, 11989, 6, 2576, 24352, 353, 24, 17143, 23275, 37, 1188, 6, 8, 795, 29, 3836, 5, 13616, 24487, 25, 127, 5, 294, 999, 192, 346, 269, 11, 952, 4751, 1216, 9, 11084, 102, 30, 36, 31416, 1, 8, 54, 10234, 2749, 64, 31724, 102, 30, 1025, 36, 1, 161, 211, 182, 11, 272, 36367, 56, 102, 30, 36, 5, 31, 325, 34, 4751, 49, 1, 428, 1894, 32577, 0, 0, 0, 0, 0, 0, 0, 0, 0, 0, 0, 0, 0, 0, 0, 0, 0, 0, 0, 0, 0, 0, 0, 0, 0, 0, 0, 0, 0, 0, 0, 0, 0, 0, 0, 0, 0, 0, 0, 0, 0, 0, 0, 0, 0, 0, 0, 0, 0, 0, 0, 0, 0, 0, 0, 0, 0, 0, 0, 0, 0, 0, 0, 0, 0, 0, 0, 0, 0, 0, 0, 0, 0, 0, 0, 0, 0, 0, 0, 0, 0, 0, 0, 0, 0, 0, 0, 0, 0, 0, 0, 0, 0, 0, 0, 0, 0, 0, 0]","[6, 2, 10]","[0.36440467164434565, 0.325362898527191, 0.31023242982846333]","[3, 6, 2, 8, 0, 0, 0, 0]","Harry Potter and the Chamber of Secrets (Harry Potter, #2)"
24,"[19, 428, 1894, 6, 5, 25862, 7, 634, 3167, 8069, 441, 17, 6812, 10293, 7090, 15026, 18, 428, 1894, 11, 33868, 86, 13, 1464, 20, 8, 1861, 6, 13, 623, 7, 3537, 428, 201, 9, 122, 239, 27, 5, 49550, 42988, 6, 223, 9, 5, 482, 10252, 7875, 15, 1, 35280, 6, 5, 1, 22, 201, 9, 516, 46, 1, 20977, 13, 2776, 939, 811, 106, 54, 64, 1, 22, 201, 9, 89, 59, 46, 5, 211, 1807, 569, 1344, 9, 150, 196, 34, 4751, 33, 1615, 24, 1807, 2489, 72, 101, 2749, 7335, 7, 1239, 6, 8, 4011, 14, 2104, 612, 16, 1248, 7, 751, 22, 201, 9, 36, 8, 8524, 3830, 13103, 25, 5396, 16, 428, 8069, 173, 50, 1197, 67, 75, 28, 7423, 1, 10, 13, 2192, 332, 47, 36, 5464, 0, 0, 0, 0, 0, 0, 0, 0, 0, 0, 0, 0, 0, 0, 0, 0, 0, 0, 0, 0, 0, 0, 0, 0, 0, 0, 0, 0, 0, 0, 0, 0, 0, 0, 0, 0, 0, 0, 0, 0, 0, 0, 0, 0, 0, 0, 0, 0, 0, 0, 0, 0, 0, 0, 0, 0, 0, 0, 0, 0, 0, 0, 0, 0, 0, 0, 0, 0, 0, 0, 0, 0, 0, 0, 0, 0, 0, 0, 0, 0, 0, 0, 0, 0, 0, 0, 0, 0, 0, 0, 0, 0, 0, 0, 0, 0, 0, 0, 0, 0, 0, 0, 0, 0, 0, 0, 0, 0, 0, 0, 0, 0, 0, 0, 0, 0, 0, 0, 0, 0, 0, 0]","[3, 8, 4]","[0.3781723194293994, 0.37444112522180406, 0.2473865553487966]","[3, 6, 2, 8, 0, 0, 0, 0]","Harry Potter and the Goblet of Fire (Harry Potter, #4)"
25,"[19, 428, 1894, 6, 5, 25165, 32395, 3167, 8069, 1440, 17, 6812, 10293, 7090, 15026, 18, 428, 1894, 11, 656, 1, 1307, 16, 5, 118, 459, 25, 20, 22, 10601, 43, 5, 1, 7, 1, 1, 6, 40, 150, 9, 5, 23137, 22, 145, 486, 28486, 6, 5, 167, 43058, 38, 50, 36, 246, 1, 5957, 3117, 14, 26, 958, 61, 1144, 168, 69, 11, 6848, 25, 5, 126, 486, 11, 10561, 594, 43, 156, 22, 2662, 6, 22, 145, 22, 570, 231, 1, 311, 1, 428, 145, 22, 85, 89, 5, 2666, 1, 6, 455, 1, 38, 42, 9, 229, 13, 712, 10, 31, 401, 1, 0, 0, 0, 0, 0, 0, 0, 0, 0, 0, 0, 0, 0, 0, 0, 0, 0, 0, 0, 0, 0, 0, 0, 0, 0, 0, 0, 0, 0, 0, 0, 0, 0, 0, 0, 0, 0, 0, 0, 0, 0, 0, 0, 0, 0, 0, 0, 0, 0, 0, 0, 0, 0, 0, 0, 0, 0, 0, 0, 0, 0, 0, 0, 0, 0, 0, 0, 0, 0, 0, 0, 0, 0, 0, 0, 0, 0, 0, 0, 0, 0, 0, 0, 0, 0, 0, 0, 0, 0, 0, 0, 0, 0, 0, 0, 0, 0, 0, 0, 0, 0, 0, 0, 0, 0, 0, 0, 0, 0, 0, 0, 0, 0, 0, 0, 0, 0, 0, 0, 0, 0, 0, 0, 0, 0, 0, 0, 0, 0, 0, 0, 0, 0, 0, 0, 0, 0, 0, 0, 0, 0, 0, 0, 0, 0, 0, 0, 0, 0]","[2, 4, 3]","[0.3699932590724613, 0.32348697979877017, 0.3065197611287685]","[3, 6, 2, 8, 0, 0, 0, 0]","Harry Potter and the Deathly Hallows (Harry Potter, #7)"
26,"[19, 5, 1966, 15788, 2561, 17832, 19141, 164, 17, 6036, 4346, 18, 1097, 1, 1401, 9, 33, 1, 10, 2219, 3135, 36148, 948, 8925, 11, 6840, 28, 8, 1520, 388, 10, 5, 245, 7, 5, 1594, 5, 2526, 18438, 7, 5, 47317, 26, 58, 914, 429, 5, 8977, 13, 362, 3818, 10, 5022, 36149, 20, 8925, 6, 1426, 851, 1, 1838, 48684, 2140, 86, 5, 1335, 22921, 40, 35, 4671, 9, 296, 8, 1008, 7, 1651, 389, 10, 5, 490, 7, 22152, 1966, 1, 12034, 16, 44, 9, 240, 6, 191, 7612, 6093, 28, 5, 1, 54, 9682, 5, 959, 18438, 41, 1428, 10, 5, 22725, 7, 1, 130, 576, 161, 1282, 2454, 2669, 2658, 34151, 4827, 32694, 6, 1966, 1, 22, 3252, 8, 1385, 701, 1821, 2721, 8925, 6, 48684, 47, 10640, 5, 10824, 1, 4850, 5, 8394, 5622, 29, 1156, 32, 112, 1, 13549, 285, 254, 38, 36, 243, 699, 0, 0, 0, 0, 0, 0, 0, 0, 0, 0, 0, 0, 0, 0, 0, 0, 0, 0, 0, 0, 0, 0, 0, 0, 0, 0, 0, 0, 0, 0, 0, 0, 0, 0, 0, 0, 0, 0, 0, 0, 0, 0, 0, 0, 0, 0, 0, 0, 0, 0, 0, 0, 0, 0, 0, 0, 0, 0, 0, 0, 0, 0, 0, 0, 0, 0, 0, 0, 0, 0, 0, 0, 0, 0, 0, 0, 0, 0, 0, 0, 0, 0, 0, 0, 0, 0, 0, 0, 0, 0, 0, 0, 0, 0, 0, 0, 0, 0, 0, 0, 0, 0, 0, 0]","[8, 2, 3]","[0.4193381270132965, 0.3090502730486557, 0.2716115999380479]","[2, 7, 9, 13, 10, 12, 0, 0]","The Da Vinci Code (Robert Langdon, #2)"
27,"[19, 428, 1894, 6, 5, 10063, 567, 3167, 8069, 973, 17, 6812, 10293, 7090, 15026, 18, 5, 144, 137, 28486, 11, 50, 271, 1, 75, 22408, 9395, 35, 1, 7330, 1, 5, 15340, 859, 7, 5, 1013, 14027, 556, 16, 1476, 15298, 42959, 11, 7099, 27, 4751, 16, 159, 6243, 7, 316, 6, 5, 504, 7, 5, 8543, 26, 509, 3446, 1, 191, 53, 53, 29083, 10, 44, 6021, 45, 402, 1835, 5, 1, 2673, 10016, 32, 2967, 1, 1216, 289, 9, 1, 67, 6, 969, 8, 341, 25578, 10, 5, 5761, 4314, 18743, 6, 394, 6, 409, 10, 438, 5247, 35, 80, 14218, 86, 428, 1818, 135, 270, 165, 27, 5, 211, 10063, 1, 129, 5, 172, 1279, 14, 171, 846, 1722, 10, 5, 13881, 3155, 1692, 7, 5, 57, 7, 428, 34742, 322, 34, 26080, 428, 38, 324, 16, 5, 323, 6, 484, 57, 7, 5, 206, 29, 476, 486, 28486, 67, 6, 11119, 89, 48, 140, 36, 13, 52, 1, 0, 0, 0, 0, 0, 0, 0, 0, 0, 0, 0, 0, 0, 0, 0, 0, 0, 0, 0, 0, 0, 0, 0, 0, 0, 0, 0, 0, 0, 0, 0, 0, 0, 0, 0, 0, 0, 0, 0, 0, 0, 0, 0, 0, 0, 0, 0, 0, 0, 0, 0, 0, 0, 0, 0, 0, 0, 0, 0, 0, 0, 0, 0, 0, 0, 0, 0, 0, 0, 0, 0, 0, 0, 0, 0, 0, 0, 0, 0, 0, 0, 0, 0, 0, 0, 0, 0, 0, 0, 0, 0, 0, 0]","[3, 4, 9]","[0.6159291215428818, 0.29070853491479987, 0.09336234354231839]","[3, 6, 2, 8, 0, 0, 0, 0]","Harry Potter and the Half-Blood Prince (Harry Potter, #6)"
28,"[19, 486, 7, 5, 7930, 17, 2230, 1, 18, 34, 5, 1906, 7, 5, 287, 55, 702, 8, 2930, 8800, 23, 24, 5807, 2316, 1, 8, 467, 7, 1, 34, 1655, 15, 63, 1288, 1, 32, 956, 11, 153, 9, 1, 33, 246, 27, 2770, 5, 646, 47, 106, 345, 40, 6791, 4563, 40, 1112, 9, 3328, 32, 74, 2139, 21533, 754, 10, 5, 229, 7, 4316, 2944, 6, 2237, 6, 20, 504, 41490, 20, 330, 32689, 6355, 10, 5, 673, 20, 1175, 192, 68, 12872, 5, 374, 7, 284, 278, 20, 246, 27, 942, 20, 5, 374, 7, 154, 1, 15170, 8, 49294, 24, 18015, 8, 6686, 8, 6182, 2369, 8, 1, 8, 457, 1, 75, 8, 987, 7, 5, 16063, 486, 7, 5, 7930, 11, 790, 90, 49, 2279, 95, 46, 1439, 249, 7, 6651, 5, 687, 7, 2386, 45241, 0, 0, 0, 0, 0, 0, 0, 0, 0, 0, 0, 0, 0, 0, 0, 0, 0, 0, 0, 0, 0, 0, 0, 0, 0, 0, 0, 0, 0, 0, 0, 0, 0, 0, 0, 0, 0, 0, 0, 0, 0, 0, 0, 0, 0, 0, 0, 0, 0, 0, 0, 0, 0, 0, 0, 0, 0, 0, 0, 0, 0, 0, 0, 0, 0, 0, 0, 0, 0, 0, 0, 0, 0, 0, 0, 0, 0, 0, 0, 0, 0, 0, 0, 0, 0, 0, 0, 0, 0, 0, 0, 0, 0, 0, 0, 0, 0, 0, 0, 0, 0, 0, 0, 0, 0, 0, 0, 0, 0, 0, 0, 0, 0, 0]","[6, 3, 2]","[0.38203210071511057, 0.31872803465501864, 0.2992398646298708]","[8, 2, 6, 0, 0, 0, 0, 0]",Lord of the Flies
29,"[19, 10290, 6, 7996, 17, 2230, 9649, 3457, 15130, 18, 10, 10290, 6, 19096, 3099, 1575, 8, 654, 319, 10, 96, 72, 79, 110, 409, 10, 438, 30, 11, 50, 1120, 14, 32, 1178, 1, 5, 1, 6, 5, 1, 35, 3743, 10, 8, 474, 1, 33, 1, 14149, 5, 3421, 27, 65, 34, 60, 3042, 9, 5, 47331, 401, 2840, 10, 167, 278, 367, 21968, 6, 1958, 33, 533, 162, 10, 24, 270, 55, 26, 142, 5, 8084, 57, 7, 79, 438, 10, 250, 244, 7, 68, 2238, 2791, 30, 11, 779, 9, 9608, 20, 81, 30, 128, 46, 44, 79, 15212, 0, 0, 0, 0, 0, 0, 0, 0, 0, 0, 0, 0, 0, 0, 0, 0, 0, 0, 0, 0, 0, 0, 0, 0, 0, 0, 0, 0, 0, 0, 0, 0, 0, 0, 0, 0, 0, 0, 0, 0, 0, 0, 0, 0, 0, 0, 0, 0, 0, 0, 0, 0, 0, 0, 0, 0, 0, 0, 0, 0, 0, 0, 0, 0, 0, 0, 0, 0, 0, 0, 0, 0, 0, 0, 0, 0, 0, 0, 0, 0, 0, 0, 0, 0, 0, 0, 0, 0, 0, 0, 0, 0, 0, 0, 0, 0, 0, 0, 0, 0, 0, 0, 0, 0, 0, 0, 0, 0, 0, 0, 0, 0, 0, 0, 0, 0, 0, 0, 0, 0, 0, 0, 0, 0, 0, 0, 0, 0, 0, 0, 0, 0, 0, 0, 0, 0, 0, 0, 0, 0, 0, 0, 0, 0, 0, 0, 0, 0, 0, 0, 0, 0, 0]","[13, 4, 2]","[0.36145720270937065, 0.36006112724869355, 0.2784816700419358]","[8, 2, 4, 32, 0, 0, 0, 0]",Romeo and Juliet
30,"[19, 676, 139, 17, 24089, 7581, 18, 500, 47, 36, 8, 294, 1, 8, 2953, 334, 1371, 10, 606, 40949, 22370, 30, 11, 1446, 6, 1333, 1, 1562, 1081, 16057, 981, 35, 154, 7085, 6, 15505, 35, 154, 193, 39, 34158, 2854, 6, 209, 383, 3067, 27, 32, 22870, 47853, 23, 5, 6178, 5973, 1, 1446, 815, 823, 194, 170, 18709, 15, 1, 21239, 46, 5, 35762, 6, 2046, 7, 13, 10425, 4909, 25, 10928, 27, 14534, 1590, 1017, 5, 1, 27172, 102, 42, 347, 413, 2907, 23, 6357, 251, 8976, 2933, 27, 5, 431, 6, 5, 1, 266, 20, 29647, 2453, 13489, 49321, 253, 967, 206, 1, 24, 1751, 199, 7, 3762, 1, 6, 18998, 7826, 1446, 11, 7664, 43475, 6, 302, 2524, 1, 11, 22, 279, 8, 1, 5, 4130, 465, 2130, 112, 1350, 10, 253, 11, 213, 4099, 62, 266, 40, 160, 5, 31, 14, 40, 438, 15, 13, 1779, 762, 26664, 34, 13, 2012, 1446, 950, 28, 13, 9437, 999, 555, 81, 1446, 1687, 106, 475, 78, 11, 14, 209, 1, 6, 48, 41, 10, 14, 1, 856, 1844, 389, 10, 5, 105, 7, 12, 3729, 1, 12, 8087, 746, 6, 2672, 1552, 3201, 8421, 8408, 1195, 8, 11509, 16430, 1386, 6, 7612, 8063, 819, 14, 6082, 12, 3158, 20, 31, 7, 5, 2868, 1302, 1, 7, 5, 49, 2775, 466, 1203, 1302, 7, 90, 316, 37, 104, 131, 514, 8421, 8408, 171, 14, 14210, 9, 68, 773, 196, 10, 33, 28399, 1445, 46, 8, 500, 676, 28167, 5589, 2296, 5, 2054]","[4, 6, 2]","[0.3480686748288843, 0.3274119407384861, 0.3245193844326295]","[2, 7, 9, 12, 13, 5, 0, 0]",Gone Girl
31,"[19, 5, 165, 17, 24106, 1, 18, 3028, 1536, 24, 550, 344, 241, 47, 36, 180, 1, 529, 230, 35, 46, 9, 150, 31, 270, 1, 27878, 26, 70, 1227, 172, 83, 12529, 27, 1, 15269, 21, 140, 42, 8, 18480, 25, 30, 11, 14443, 6967, 6, 12, 212, 38, 50, 36, 775, 8173, 27878, 26, 8, 2463, 23, 12, 31909, 27878, 113, 8525, 89, 5176, 15, 12, 299, 6170, 41727, 5, 111, 29, 916, 312, 25, 24995, 26, 2693, 6, 63, 31, 38, 419, 27878, 78, 21, 26, 1, 11, 8, 261, 8938, 8, 6793, 22839, 111, 3513, 12, 12919, 382, 2637, 153, 26, 15584, 429, 12, 83, 5, 1066, 7, 12, 74, 731, 29, 1048, 146, 13, 14636, 2922, 5, 101, 1089, 21, 11, 1387, 9, 5, 125, 139, 21, 680, 6823, 358, 21, 145, 119, 32, 1179, 140, 36, 1, 1, 117, 560, 11, 3875, 10704, 6, 790, 5, 1, 111, 10, 13862, 21, 47, 2564, 91, 15327, 2690, 25, 21, 282, 481, 12, 15714, 71, 152, 243, 191, 215, 3412, 1, 272, 120, 8, 1952, 521, 16, 269, 183, 37, 9, 253, 9, 160, 12, 10986, 25, 12, 37, 2902, 26, 225, 7, 12, 1, 20, 332, 27, 31, 215, 20, 47, 2686, 141, 230, 38, 22474, 155, 220, 16, 8, 5038, 2361, 14, 38, 347, 88, 44, 34, 7704, 6, 7079, 244, 40, 35, 14224, 337, 5, 1946, 14, 3243, 32, 253, 6, 32, 3049, 6, 608, 1946, 35, 193, 9, 36, 1, 15409, 7073, 16876, 1, 1575, 123, 270, 230]","[8, 4, 7]","[0.44118249520788705, 0.30687324245204317, 0.25194426234006967]","[2, 10, 5, 8, 16, 0, 0, 0]",The Help
32,"[19, 7, 12691, 6, 207, 17, 921, 14215, 18, 5, 697, 57, 7, 72, 7280, 11941, 9, 89, 32, 196, 10, 24, 6781, 277, 1, 10, 324, 7, 882, 750, 6, 13, 1, 273, 26487, 42, 202, 10, 5, 55, 1196, 136, 101, 6, 8, 516, 115, 8, 516, 14, 31, 175, 40, 38, 42, 135, 399, 7, 32, 658, 1366, 40, 89, 143, 23, 8, 5960, 10, 20905, 1, 6495, 25, 32, 1271, 35, 2448, 20, 46989, 874, 137, 1939, 5659, 11743, 6, 978, 7, 4762, 235, 8, 1437, 7, 13, 74, 8150, 23335, 2183, 2399, 268, 20, 5, 708, 7, 8, 1103, 6018, 6, 1323, 756, 9, 2373, 1755, 6, 1, 7, 12691, 6, 207, 26, 4957, 31, 7, 23233, 49, 489, 3893, 6816, 722, 20, 8, 386, 8, 6311, 533, 6, 123, 466, 31902, 0, 0, 0, 0, 0, 0, 0, 0, 0, 0, 0, 0, 0, 0, 0, 0, 0, 0, 0, 0, 0, 0, 0, 0, 0, 0, 0, 0, 0, 0, 0, 0, 0, 0, 0, 0, 0, 0, 0, 0, 0, 0, 0, 0, 0, 0, 0, 0, 0, 0, 0, 0, 0, 0, 0, 0, 0, 0, 0, 0, 0, 0, 0, 0, 0, 0, 0, 0, 0, 0, 0, 0, 0, 0, 0, 0, 0, 0, 0, 0, 0, 0, 0, 0, 0, 0, 0, 0, 0, 0, 0, 0, 0, 0, 0, 0, 0, 0, 0, 0, 0, 0, 0, 0, 0, 0, 0, 0, 0, 0, 0, 0, 0, 0, 0, 0, 0, 0, 0]","[2, 3, 5]","[0.3887492643649529, 0.30871783028703315, 0.302532905348014]","[8, 2, 10, 0, 0, 0, 0, 0]",Of Mice and Men
33,"[19, 4634, 7, 8, 32178, 17, 4442, 44726, 18, 8, 532, 4808, 6, 2667, 2301, 33, 387, 691, 95, 981, 15, 17395, 9858, 6, 2238, 16968, 5, 210, 5864, 7, 31, 7, 9453, 49, 1412, 1, 4634, 7, 8, 18792, 92, 1135, 8, 55, 78, 6292, 35, 1, 78, 8, 3331, 15791, 11, 39581, 9, 5, 1834, 1, 78, 230, 35, 2018, 9, 39959, 5, 49, 190, 33808, 6, 78, 65, 11, 19756, 20, 45797, 30, 11, 8, 632, 6, 4320, 143, 7, 648, 67, 34, 133, 7019, 16525, 3102, 67, 6, 849, 9741, 0, 0, 0, 0, 0, 0, 0, 0, 0, 0, 0, 0, 0, 0, 0, 0, 0, 0, 0, 0, 0, 0, 0, 0, 0, 0, 0, 0, 0, 0, 0, 0, 0, 0, 0, 0, 0, 0, 0, 0, 0, 0, 0, 0, 0, 0, 0, 0, 0, 0, 0, 0, 0, 0, 0, 0, 0, 0, 0, 0, 0, 0, 0, 0, 0, 0, 0, 0, 0, 0, 0, 0, 0, 0, 0, 0, 0, 0, 0, 0, 0, 0, 0, 0, 0, 0, 0, 0, 0, 0, 0, 0, 0, 0, 0, 0, 0, 0, 0, 0, 0, 0, 0, 0, 0, 0, 0, 0, 0, 0, 0, 0, 0, 0, 0, 0, 0, 0, 0, 0, 0, 0, 0, 0, 0, 0, 0, 0, 0, 0, 0, 0, 0, 0, 0, 0, 0, 0, 0, 0, 0, 0, 0, 0, 0, 0, 0, 0, 0, 0, 0, 0, 0, 0, 0, 0, 0, 0, 0, 0, 0, 0]","[13, 3, 4]","[0.36745162551027677, 0.31720815410303815, 0.3153402203866851]","[2, 10, 4, 8, 0, 0, 0, 0]",Memoirs of a Geisha
34,"[19, 1730, 3153, 7, 3194, 17815, 17417, 87, 17, 12138, 7621, 18, 39, 1795, 847, 11290, 9684, 402, 9, 4376, 79, 6604, 955, 6635, 21, 1531, 8, 76, 29, 11, 929, 2476, 6, 46121, 5, 1, 1058, 5834, 11, 28007, 9, 799, 21, 201, 33, 76, 421, 619, 13, 1460, 1, 120, 21, 11, 390, 9, 122, 465, 9, 291, 1664, 9, 2009, 20605, 997, 2558, 2072, 6, 3567, 3980, 3194, 17985, 22, 201, 312, 1, 23, 13, 74, 7747, 3279, 191, 6247, 28, 44861, 2431, 3124, 19955, 5834, 32550, 16, 44, 5, 11996, 7, 1, 22414, 13333, 13, 1029, 3796, 13, 1117, 1, 11, 8, 76, 3524, 28, 1317, 6, 3314, 28, 5, 328, 9, 3315, 39, 5, 1350, 2056, 23, 8, 7160, 7285, 1187, 6043, 5834, 262, 955, 44861, 225, 6, 713, 12, 74, 126, 1, 24283, 6, 511, 2829, 5, 1730, 3153, 1233, 11, 8, 174, 14, 38, 19410, 1382, 2709, 1382, 6, 512, 15, 51, 32001, 73, 11, 2414, 16, 4771, 9857, 0, 0, 0, 0, 0, 0, 0, 0, 0, 0, 0, 0, 0, 0, 0, 0, 0, 0, 0, 0, 0, 0, 0, 0, 0, 0, 0, 0, 0, 0, 0, 0, 0, 0, 0, 0, 0, 0, 0, 0, 0, 0, 0, 0, 0, 0, 0, 0, 0, 0, 0, 0, 0, 0, 0, 0, 0, 0, 0, 0, 0, 0, 0, 0, 0, 0, 0, 0, 0, 0, 0, 0, 0, 0, 0, 0, 0, 0, 0, 0, 0, 0, 0, 0, 0, 0, 0, 0, 0, 0]","[4, 13, 8]","[0.3573775713081112, 0.32802244534338354, 0.3145999833485053]","[4, 2, 5, 16, 0, 0, 0, 0]","Fifty Shades of Grey (Fifty Shades, #1)"
36,"[19, 5, 25849, 148, 16656, 87, 17, 9815, 19215, 18, 3450, 16863, 132, 10, 8, 963, 2986, 277, 50, 168, 22, 11, 682, 13, 45, 2899, 20, 5, 1, 226, 22, 499, 9, 627, 5, 126, 225, 198, 33, 2080, 5458, 0, 0, 0, 0, 0, 0, 0, 0, 0, 0, 0, 0, 0, 0, 0, 0, 0, 0, 0, 0, 0, 0, 0, 0, 0, 0, 0, 0, 0, 0, 0, 0, 0, 0, 0, 0, 0, 0, 0, 0, 0, 0, 0, 0, 0, 0, 0, 0, 0, 0, 0, 0, 0, 0, 0, 0, 0, 0, 0, 0, 0, 0, 0, 0, 0, 0, 0, 0, 0, 0, 0, 0, 0, 0, 0, 0, 0, 0, 0, 0, 0, 0, 0, 0, 0, 0, 0, 0, 0, 0, 0, 0, 0, 0, 0, 0, 0, 0, 0, 0, 0, 0, 0, 0, 0, 0, 0, 0, 0, 0, 0, 0, 0, 0, 0, 0, 0, 0, 0, 0, 0, 0, 0, 0, 0, 0, 0, 0, 0, 0, 0, 0, 0, 0, 0, 0, 0, 0, 0, 0, 0, 0, 0, 0, 0, 0, 0, 0, 0, 0, 0, 0, 0, 0, 0, 0, 0, 0, 0, 0, 0, 0, 0, 0, 0, 0, 0, 0, 0, 0, 0, 0, 0, 0, 0, 0, 0, 0, 0, 0, 0, 0, 0, 0, 0, 0, 0, 0, 0, 0, 0, 0, 0, 0, 0, 0, 0, 0, 0, 0, 0, 0, 0, 0, 0, 0, 0, 0, 0, 0, 0, 0, 0, 0, 0]","[8, 9, 7]","[0.3736433506839027, 0.3617002076764583, 0.2646564416396391]","[6, 2, 8, 14, 3, 0, 0, 0]","The Giver (The Giver, #1)"
37,"[19, 5, 11695, 5, 4694, 6, 5, 12041, 9791, 7, 12720, 87, 17, 6509, 6164, 18, 1, 399, 333, 5, 12041, 4472, 8, 130, 196, 2918, 10, 1972, 5403, 8, 507, 416, 919, 9, 36, 162, 1, 11, 5, 60, 9, 89, 5, 130, 7, 5, 12041, 10, 5, 27330, 211, 151, 2060, 34, 60, 12, 1039, 6, 592, 445, 554, 12, 39, 21, 298, 7, 12, 1599, 9, 5, 399, 7, 48559, 25, 213, 31543, 127, 910, 6, 2326, 1019, 86, 5, 12041, 3364, 10, 10897, 40, 89, 8, 416, 1158, 251, 5, 301, 9346, 7, 5, 382, 9765, 39, 40, 440, 5, 3949, 1, 40, 799, 1299, 58, 292, 9, 8, 157, 284, 6, 12261, 869, 5, 335, 9, 625, 10897, 27, 5, 23686, 1018, 19879, 0, 0, 0, 0, 0, 0, 0, 0, 0, 0, 0, 0, 0, 0, 0, 0, 0, 0, 0, 0, 0, 0, 0, 0, 0, 0, 0, 0, 0, 0, 0, 0, 0, 0, 0, 0, 0, 0, 0, 0, 0, 0, 0, 0, 0, 0, 0, 0, 0, 0, 0, 0, 0, 0, 0, 0, 0, 0, 0, 0, 0, 0, 0, 0, 0, 0, 0, 0, 0, 0, 0, 0, 0, 0, 0, 0, 0, 0, 0, 0, 0, 0, 0, 0, 0, 0, 0, 0, 0, 0, 0, 0, 0, 0, 0, 0, 0, 0, 0, 0, 0, 0, 0, 0, 0, 0, 0, 0, 0, 0, 0, 0, 0, 0, 0, 0, 0, 0, 0, 0, 0, 0, 0, 0, 0, 0, 0, 0]","[8, 3, 2]","[0.3787760109871572, 0.33625576858544004, 0.2849682204274028]","[3, 8, 2, 6, 30, 0, 0, 0]","The Lion, the Witch, and the Wardrobe (Chronicles of Narnia, #1)"
38,"[19, 5, 82, 23470, 383, 17, 24067, 48722, 18, 8, 934, 477, 1698, 174, 7, 206, 350, 139, 15, 8, 36523, 48, 81, 31, 7, 88, 2100, 311, 11062, 10, 6, 59, 7, 6003, 694, 404, 6, 11622, 33, 691, 95, 3595, 519, 46, 217, 267, 6, 5, 2268, 7, 82, 23, 1, 1, 3944, 3242, 5, 82, 20044, 669, 11, 5, 57, 7, 18310, 8, 209, 327, 3358, 6, 7966, 24, 38838, 15193, 29, 42, 264, 136, 101, 208, 8317, 41, 454, 6, 719, 41, 36287, 6, 128, 870, 39, 8317, 41, 9737, 6, 719, 1, 858, 25, 4824, 244, 719, 11, 31, 7, 5, 60, 110, 6338, 15, 1, 1, 49532, 13, 3074, 2407, 1, 6, 22, 120, 194, 13861, 10, 316, 2586, 9, 1658, 7, 828, 15027, 10, 13, 217, 182, 6, 1247, 13, 16443, 35, 35896, 13, 1254, 12021, 16043, 1270, 6, 39167, 5, 82, 20044, 383, 5057, 5, 2268, 7, 82, 865, 23, 719, 6, 30660, 500, 6, 32, 1296, 65, 16, 136, 101, 20, 5, 57, 2401, 27, 119, 2427, 7, 9749, 8317, 6, 719, 1112, 9, 237, 1197, 1099, 4174, 1476, 1, 10810, 178, 671, 259, 7, 32, 658, 44, 7, 33, 11, 2112, 28, 153, 40, 47, 1016, 1642, 1402, 2905, 368, 32, 57, 2487, 410, 6, 1908, 9741, 0, 0, 0, 0, 0, 0, 0, 0, 0, 0, 0, 0, 0, 0, 0, 0, 0, 0, 0, 0, 0, 0, 0, 0, 0, 0, 0, 0, 0, 0, 0, 0, 0, 0, 0, 0, 0, 0, 0]","[4, 3, 14]","[0.35138417103586034, 0.3342379887462039, 0.31437784021793574]","[2, 4, 3, 14, 5, 16, 0, 0]",The Time Traveler's Wife
39,"[19, 8, 450, 7, 11976, 1542, 1895, 7, 1160, 6, 2346, 87, 17, 3533, 4795, 6171, 18, 322, 11, 5, 60, 559, 10, 750, 1503, 1503, 10168, 1417, 4014, 7, 607, 14, 520, 8, 2853, 7, 3761, 6, 8, 1145, 7, 36142, 20, 8, 13094, 33, 199, 10618, 8, 4371, 1445, 7, 286, 4477, 1544, 220, 5, 117, 5, 6127, 26, 9, 6977, 1239, 1627, 2383, 1643, 6, 284, 4143, 141, 859, 6, 9121, 124, 9, 8, 55, 1614, 170, 92, 42, 98, 12461, 509, 2165, 20, 8, 2340, 750, 1503, 1503, 10168, 604, 199, 11, 1306, 9, 800, 20, 31, 7, 5, 157, 9199, 7, 2241, 43916, 450, 7, 1, 736, 10, 8, 82, 11534, 8, 12833, 1807, 9722, 5, 8118, 59, 7, 4570, 10, 8, 399, 78, 9697, 47, 118, 1014, 6, 10427, 8, 5322, 999, 11, 14645, 5, 727, 11, 35176, 6, 10, 5, 2918, 20152, 9, 5, 606, 7, 20187, 1018, 6, 1202, 355, 35, 26690, 333, 5, 1, 5957, 13074, 34, 5, 846, 7, 5, 1685, 1657, 5, 23225, 7, 20187, 8, 94, 20, 2867, 6, 15764, 20, 5, 399, 40, 128, 430, 3050, 2327, 27, 8, 399, 7, 629, 727, 9, 8, 1638, 15652, 1098, 7, 31670, 34675, 322, 11, 8, 174, 7, 5736, 6, 22113, 1720, 6, 35827, 4710, 6, 39837, 29, 155, 220, 10, 8, 82, 7, 2698, 1, 24, 1460, 821, 7, 2630, 1334, 6767, 7, 63, 134, 1, 8, 5195, 7, 1256, 1, 2191, 207, 187, 43, 33577, 8, 1560, 79, 1070, 567, 39819, 13, 592]","[3, 2, 7]","[0.37795176379098155, 0.36640853156345, 0.2556397046455685]","[3, 2, 0, 0, 0, 0, 0, 0]","A Game of Thrones (A Song of Ice and Fire, #1)"
40,"[19, 8373, 15427, 65, 17, 3997, 18805, 18, 8, 1412, 7426, 11646, 10574, 6, 6599, 543, 7, 12, 1596, 7, 8208, 10230, 818, 9978, 6, 48, 21, 279, 783, 59, 7, 179, 219, 5, 82, 880, 5501, 470, 23396, 21, 813, 86, 24, 1, 19293, 7158, 21, 93, 156, 24, 21404, 1277, 149, 111, 41, 1344, 9, 1, 793, 8, 838, 8, 659, 2477, 25, 1078, 7, 1591, 775, 6, 25773, 21, 41, 3314, 15, 11781, 4748, 6, 21101, 21, 813, 86, 8, 6345, 8, 5660, 7534, 215, 2783, 267, 6, 5, 43401, 7, 156, 21, 98, 351, 21, 41, 1344, 9, 1724, 9, 3275, 27, 44, 2016, 5501, 848, 8, 2665, 35968, 10, 504, 9, 364, 177, 5, 82, 6, 1121, 9, 89, 59, 29, 21, 279, 41, 6, 48, 21, 279, 10415, 21, 493, 4805, 7, 12, 30042, 4958, 12, 1712, 6, 17650, 8, 20207, 222, 219, 5, 1, 1990, 8373, 15427, 65, 11, 5, 5621, 1904, 7, 14, 2330, 12, 9833, 41, 9, 1599, 123, 1297, 78, 21, 102, 7187, 31, 4448, 7, 12, 74, 622, 162, 137, 5, 2336, 7, 8, 1106, 14, 26, 20032, 1092, 14, 31, 281, 138, 1879, 10, 5773, 21, 6474, 5, 327, 7, 10230, 1225, 9, 1598, 1710, 6, 10728, 5, 9737, 10070, 6707, 7, 12, 179, 2870, 41, 16, 5, 327, 7, 9978, 6, 15, 5, 165, 7, 8, 1950, 15034, 6, 8, 3881, 2114, 10627, 27, 5800, 21, 6101, 23, 247, 1, 585, 7, 818, 43612, 10, 1, 21, 6474, 5, 327, 7, 2188, 99]","[3, 4, 5]","[0.3554736341331709, 0.33811815257964395, 0.3064082132871852]","[11, 21, 34, 19, 16, 4, 29, 5]","Eat, Pray, Love"
41,"[19, 5, 4498, 2892, 10460, 2490, 6, 5, 13930, 87, 17, 4209, 5971, 18, 550, 344, 16, 33, 1097, 47, 36, 180, 1, 2490, 11, 8, 178, 6661, 25, 22, 282, 636, 9, 2206, 23, 13, 35462, 56, 599, 13, 14252, 6, 10135, 154, 239, 34, 3175, 221, 11, 52, 407, 1510, 67, 2993, 102, 42, 2397, 13, 1, 1231, 470, 43, 8, 1626, 6, 1345, 9, 525, 291, 39, 34560, 2420, 120, 962, 21, 145, 129, 82, 14, 22, 485, 5, 254, 46, 78, 22, 545, 7200, 6, 14, 22, 223, 9, 5, 31, 196, 2000, 36, 2800, 21, 1954, 2993, 9, 1830, 700, 2404, 8, 334, 1830, 16, 10646, 14425, 159, 1, 78, 22, 408, 14, 5, 218, 22, 80, 485, 11, 49896, 406, 7, 5, 4420, 213, 8, 377, 2401, 6, 220, 15, 13, 44314, 8, 1, 6, 5, 101, 5, 11441, 326, 7, 16097, 67, 2993, 561, 59, 23, 8, 462, 276, 5, 642, 1378, 9, 1199, 5, 5087, 7, 5, 2182, 37885, 10, 8, 6724, 8151, 10, 45538, 6, 1642, 8, 5645, 144, 99, 5, 10734, 0, 0, 0, 0, 0, 0, 0, 0, 0, 0, 0, 0, 0, 0, 0, 0, 0, 0, 0, 0, 0, 0, 0, 0, 0, 0, 0, 0, 0, 0, 0, 0, 0, 0, 0, 0, 0, 0, 0, 0, 0, 0, 0, 0, 0, 0, 0, 0, 0, 0, 0, 0, 0, 0, 0, 0, 0, 0, 0, 0, 0, 0, 0, 0, 0, 0, 0, 0, 0, 0, 0, 0, 0, 0, 0]","[4, 3, 2]","[0.3659565279076322, 0.35754182467843965, 0.2765016474139281]","[3, 6, 2, 0, 0, 0, 0, 0]","The Lightning Thief (Percy Jackson and the Olympians, #1)"
42,"[19, 125, 230, 5820, 1347, 87, 17, 15990, 140, 16030, 18, 1415, 7, 185, 79, 6, 2248, 2355, 6, 13568, 42, 1049, 10, 65, 15, 5, 2173, 1006, 7, 15210, 140, 1, 49, 489, 6, 1339, 386, 125, 2329, 322, 35, 1738, 14272, 6, 1, 22049, 8180, 21644, 16151, 209, 26741, 6, 7019, 11922, 11288, 642, 10, 32, 4017, 9, 136, 101, 6, 32, 668, 9, 665, 10, 37, 923, 321, 5, 835, 1, 11, 63, 130, 14, 24243, 726, 125, 230, 23, 12, 74, 480, 179, 146, 12, 644, 5, 21653, 1, 6, 24168, 40576, 1, 1, 15, 268, 8838, 2355, 2075, 20, 18617, 1, 6, 32473, 15210, 14232, 177, 6, 12, 1006, 15, 1, 1, 353, 1, 823, 33311, 6, 2958, 20, 8, 2910, 17414, 25, 21, 213, 661, 21, 102, 108, 54, 709, 6265, 125, 230, 503, 12, 3571, 2269, 6, 4370, 6, 246, 27, 154, 5, 1, 1, 12, 5958, 1, 30, 713, 268, 1262, 2399, 20, 65, 6, 551, 144, 6, 4951, 5, 1685, 99, 288, 2806, 6, 94, 1, 6, 5, 2853, 7, 8345, 99, 2976, 6, 1586, 0, 0, 0, 0, 0, 0, 0, 0, 0, 0, 0, 0, 0, 0, 0, 0, 0, 0, 0, 0, 0, 0, 0, 0, 0, 0, 0, 0, 0, 0, 0, 0, 0, 0, 0, 0, 0, 0, 0, 0, 0, 0, 0, 0, 0, 0, 0, 0, 0, 0, 0, 0, 0, 0, 0, 0, 0, 0, 0, 0, 0, 0, 0, 0, 0, 0, 0, 0, 0, 0, 0, 0]","[4, 13, 7]","[0.5379113059157765, 0.2696522184171535, 0.19243647566706995]","[8, 2, 10, 6, 4, 0, 0, 0]","Little Women (Little Women, #1)"
43,"[19, 804, 12469, 17, 15974, 18223, 2473, 1, 18, 2425, 20, 8, 1193, 804, 26, 1514, 24, 4642, 12, 464, 79, 179, 12, 738, 11, 2891, 133, 372, 39, 21, 953, 34, 1, 5706, 78, 21, 26, 58, 2105, 28, 5, 40578, 2545, 1750, 1, 9, 822, 16, 13, 3890, 1, 804, 120, 177, 479, 9, 13, 1539, 191, 449, 2804, 21, 675, 10, 438, 10071, 25, 97, 11, 8, 463, 130, 429, 5, 1, 6122, 1, 13642, 11, 1, 1210, 27, 46297, 38, 804, 36, 186, 9412, 6, 3402, 133, 6045, 0, 0, 0, 0, 0, 0, 0, 0, 0, 0, 0, 0, 0, 0, 0, 0, 0, 0, 0, 0, 0, 0, 0, 0, 0, 0, 0, 0, 0, 0, 0, 0, 0, 0, 0, 0, 0, 0, 0, 0, 0, 0, 0, 0, 0, 0, 0, 0, 0, 0, 0, 0, 0, 0, 0, 0, 0, 0, 0, 0, 0, 0, 0, 0, 0, 0, 0, 0, 0, 0, 0, 0, 0, 0, 0, 0, 0, 0, 0, 0, 0, 0, 0, 0, 0, 0, 0, 0, 0, 0, 0, 0, 0, 0, 0, 0, 0, 0, 0, 0, 0, 0, 0, 0, 0, 0, 0, 0, 0, 0, 0, 0, 0, 0, 0, 0, 0, 0, 0, 0, 0, 0, 0, 0, 0, 0, 0, 0, 0, 0, 0, 0, 0, 0, 0, 0, 0, 0, 0, 0, 0, 0, 0, 0, 0, 0, 0, 0, 0, 0, 0, 0, 0, 0, 0, 0, 0, 0, 0, 0, 0, 0, 0, 0]","[8, 6, 4]","[0.36362752986594965, 0.3304414875954325, 0.3059309825386177]","[8, 2, 4, 10, 0, 0, 0, 0]",Jane Eyre
45,"[19, 45, 7, 13983, 17, 38626, 47676, 18, 45, 7, 13983, 11, 8, 744, 284, 95, 28, 1, 1, 398, 10, 20408, 5, 17267, 1, 1, 1, 1, 8, 28135, 206, 27, 1, 713, 1482, 7, 9089, 6, 49952, 27, 24, 480, 3537, 22, 4425, 1, 331, 83, 8, 17429, 146, 4668, 23, 8, 3731, 10, 5, 2707, 2584, 15, 8, 30048, 3225, 293, 840, 34486, 0, 0, 0, 0, 0, 0, 0, 0, 0, 0, 0, 0, 0, 0, 0, 0, 0, 0, 0, 0, 0, 0, 0, 0, 0, 0, 0, 0, 0, 0, 0, 0, 0, 0, 0, 0, 0, 0, 0, 0, 0, 0, 0, 0, 0, 0, 0, 0, 0, 0, 0, 0, 0, 0, 0, 0, 0, 0, 0, 0, 0, 0, 0, 0, 0, 0, 0, 0, 0, 0, 0, 0, 0, 0, 0, 0, 0, 0, 0, 0, 0, 0, 0, 0, 0, 0, 0, 0, 0, 0, 0, 0, 0, 0, 0, 0, 0, 0, 0, 0, 0, 0, 0, 0, 0, 0, 0, 0, 0, 0, 0, 0, 0, 0, 0, 0, 0, 0, 0, 0, 0, 0, 0, 0, 0, 0, 0, 0, 0, 0, 0, 0, 0, 0, 0, 0, 0, 0, 0, 0, 0, 0, 0, 0, 0, 0, 0, 0, 0, 0, 0, 0, 0, 0, 0, 0, 0, 0, 0, 0, 0, 0, 0, 0, 0, 0, 0, 0, 0, 0, 0, 0, 0, 0, 0, 0, 0, 0, 0, 0, 0, 0, 0, 0, 0, 0, 0, 0, 0, 0]","[3, 9, 2]","[0.4649094891549331, 0.31617035114563186, 0.21892015969943499]","[2, 3, 8, 5, 22, 0, 0, 0]",Life of Pi
46,"[19, 1508, 16, 18607, 17, 5617, 44907, 18, 1164, 7, 5, 15943, 40349, 1207, 16, 49, 489, 40344, 16099, 13629, 6, 697, 95, 7, 7733, 4934, 162, 10, 5, 5245, 55, 24877, 15925, 28, 5, 147, 121, 7, 4182, 33367, 39, 4045, 1, 1537, 2425, 6, 412, 16017, 5725, 1920, 8, 2797, 11994, 22, 2031, 8, 55, 7, 21650, 42895, 6, 19311, 8, 27750, 5245, 874, 9, 665, 321, 5, 157, 7534, 368, 6689, 950, 10, 253, 83, 1751, 1631, 8, 28455, 847, 29, 367, 2567, 13, 18480, 4045, 11, 347, 10, 4455, 7, 5241, 16, 5, 5245, 47952, 30, 11, 97, 14, 22, 350, 1, 5, 209, 79, 603, 7, 5, 1, 7803, 29, 11, 870, 9, 24411, 5, 2302, 25, 1525, 1763, 36412, 22, 116, 350, 27630, 24, 7177, 29, 278, 1, 168, 22, 262, 8, 100, 9, 1199, 265, 1528, 2955, 1508, 16, 18607, 11, 7220, 28, 8, 1348, 557, 7, 82, 6, 2250, 30, 298, 8, 57, 7, 8, 65, 99, 72, 110, 14, 17150, 1273, 2618, 10, 8, 55, 10, 96, 75, 65, 11, 8, 2924, 14, 341, 47, 38870, 0, 0, 0, 0, 0, 0, 0, 0, 0, 0, 0, 0, 0, 0, 0, 0, 0, 0, 0, 0, 0, 0, 0, 0, 0, 0, 0, 0, 0, 0, 0, 0, 0, 0, 0, 0, 0, 0, 0, 0, 0, 0, 0, 0, 0, 0, 0, 0, 0, 0, 0, 0, 0, 0, 0, 0, 0, 0, 0, 0, 0, 0, 0, 0, 0, 0, 0, 0, 0, 0, 0]","[3, 2, 5]","[0.3527665215019886, 0.33290363154249103, 0.3143298469555204]","[2, 10, 4, 5, 0, 0, 0, 0]",Water for Elephants
47,"[19, 5, 73, 2892, 17, 38556, 1, 18, 3028, 1536, 24, 550, 344, 241, 47, 36, 180, 45333, 11, 15928, 2064, 10047, 5, 416, 11, 2822, 68, 16191, 167, 26, 80, 58, 1, 6, 38, 36, 40706, 1, 12, 4122, 1, 33391, 45, 11, 716, 39, 21, 4646, 66, 8, 586, 13919, 17172, 389, 10, 5, 11906, 30, 11, 5, 44822, 1, 186, 198, 97, 28, 4112, 6, 30, 11, 12, 60, 787, 7, 73, 1, 71, 192, 8, 65, 1409, 15, 354, 6, 2402, 20, 1, 15, 5, 165, 7, 12, 1, 2272, 644, 408, 9, 3694, 213, 21, 11, 4192, 354, 27, 2064, 1, 5, 33728, 7080, 5932, 5202, 97, 35, 354, 9, 36, 1, 141, 35, 227, 3049, 39, 33391, 2272, 94, 3566, 8, 15138, 10, 32, 18127, 33391, 55, 11, 119, 2742, 1104, 6, 3544, 42829, 7372, 2638, 746, 14, 5238, 15, 12599, 845, 121, 47657, 1, 26, 682, 124, 31, 7, 5, 49, 1339, 205, 7, 90, 1, 33, 1759, 41, 50, 398, 20, 8209, 1, 0, 0, 0, 0, 0, 0, 0, 0, 0, 0, 0, 0, 0, 0, 0, 0, 0, 0, 0, 0, 0, 0, 0, 0, 0, 0, 0, 0, 0, 0, 0, 0, 0, 0, 0, 0, 0, 0, 0, 0, 0, 0, 0, 0, 0, 0, 0, 0, 0, 0, 0, 0, 0, 0, 0, 0, 0, 0, 0, 0, 0, 0, 0, 0, 0, 0, 0, 0, 0, 0, 0, 0, 0, 0, 0, 0, 0, 0, 0, 0, 0, 0, 0, 0, 0]","[2, 4, 7]","[0.3730445297444464, 0.32940868261456646, 0.29754678764098713]","[10, 2, 6, 8, 0, 0, 0, 0]",The Book Thief
49,"[19, 37, 1565, 12115, 164, 17, 9819, 6174, 18, 97, 11, 24, 550, 344, 241, 16, 12610, 1, 3490, 77, 485, 92, 128, 119, 10, 1161, 2304, 2715, 10, 14, 11638, 77, 1514, 1879, 28564, 77, 102, 596, 114, 181, 3430, 10, 114, 20995, 5, 474, 34899, 695, 6, 1443, 86, 114, 13060, 628, 114, 33536, 535, 365, 15, 5, 1451, 9632, 14, 545, 187, 13, 11897, 30, 41, 91, 97, 93, 80, 58, 170, 3750, 10, 114, 16275, 77, 41, 260, 67, 50, 45218, 25, 20, 81, 97, 93, 80, 58, 8, 6264, 10, 5, 60, 2250, 77, 1514, 91, 77, 41, 1036, 10, 31, 7, 169, 463, 8983, 5, 31, 78, 51, 42, 9, 3870, 458, 8173, 103, 33536, 30361, 25, 51, 282, 108, 103, 362, 616, 1443, 1, 25, 33, 41, 63, 4473, 421, 1614, 5, 8521, 77, 1600, 591, 16, 114, 8006, 77, 41, 3430, 9, 216, 153, 10793, 54, 34763, 114, 74, 45, 1109, 125, 9, 274, 2293, 16, 3810, 5586, 97, 11, 31, 281, 54, 538, 64, 45, 26286, 1750, 31019, 25, 154, 10, 65, 15, 8, 303, 11, 75, 54, 227, 64, 3810, 102, 98, 42, 1810, 1750, 26, 509, 3152, 3810, 27, 5, 7853, 7, 31, 301, 2627, 25, 280, 20, 32, 1442, 423, 690, 44, 14, 11, 990, 6, 2197, 9, 564, 40, 799, 32, 6011, 140, 36, 70, 1, 7, 185, 10691, 28, 5, 37, 104, 131, 514, 2224, 35, 2486, 16, 5, 3738, 57, 7, 7733, 1773, 4220, 6, 31544, 10, 37, 3768, 1243, 9516]","[4, 5, 2]","[0.40973474900435114, 0.31447272168364176, 0.27579252931200715]","[6, 3, 4, 2, 15, 0, 0, 0]","New Moon (Twilight, #2)"
50,"[19, 78, 5, 11890, 1125, 17, 17952, 19835, 18, 78, 5, 11890, 1125, 304, 1, 4227, 15, 33, 1959, 241, 14, 1077, 24, 31792, 41554, 418, 1, 33, 258, 2882, 5040, 96, 11, 119, 17143, 907, 6, 12840, 26, 58, 5, 49, 299, 7, 11885, 23122, 2882, 354, 16, 1, 5, 11890, 7912, 11885, 23122, 55, 5433, 97, 1489, 440, 8, 206, 29, 304, 43, 8, 2223, 162, 6, 8, 139, 29, 9336, 8, 1, 5, 9134, 6, 5, 1, 237, 1021, 6, 71, 226, 1581, 13439, 8158, 28039, 29, 38, 50, 150, 5, 14998, 1329, 30, 11, 8, 196, 78, 51, 13079, 103, 755, 6, 6987, 4468, 14999, 8, 196, 78, 4972, 13580, 1006, 35, 39581, 3425, 6, 1, 223, 9, 5, 1, 23122, 1797, 471, 7, 1713, 6, 6349, 11, 31, 7, 5552, 248, 392, 22243, 2762, 275, 354, 16, 6157, 221, 1369, 2350, 5574, 1, 26, 24, 4890, 557, 7, 19682, 6, 3596, 6, 8, 178, 7905, 16, 1, 6, 1, 14, 108, 141, 1713, 8, 1921, 9, 366, 1, 23122, 4613, 618, 20, 8, 1316, 73, 121, 6, 6644, 723, 15, 1, 5, 3949, 29, 1449, 1221, 10, 17866, 1, 5658, 4587, 9, 14968, 20, 247, 54, 354, 128, 398, 10, 5, 255, 1, 16212, 5, 1, 8, 18809, 6, 8, 32384, 29, 201, 8, 9265, 1, 6, 5, 299, 258, 5, 1323, 13023, 885, 22, 4587, 9, 1349, 13, 396, 362, 7, 143, 15, 78, 5, 11890, 7912, 8, 580, 10, 5, 10533, 740, 1104, 112, 281, 23, 475, 5, 638]","[11, 7, 3]","[0.4050373188594795, 0.31956610999796836, 0.27539657114255217]","[32, 8, 2, 6, 3, 0, 0, 0]",Where the Sidewalk Ends
51,"[19, 204, 7, 1704, 148, 1161, 13728, 87, 17, 7438, 9271, 18, 39, 2784, 4010, 10720, 2208, 59, 9, 5, 15368, 1002, 10, 37, 104, 830, 21, 2984, 3071, 9, 1438, 8, 1, 163, 657, 8, 305, 2028, 28, 123, 4314, 3818, 15, 330, 17563, 6, 40475, 1335, 15812, 127, 5, 362, 3067, 43, 2950, 5219, 129, 349, 9, 388, 5, 431, 39, 5, 12717, 35, 2535, 9, 325, 764, 6, 39, 97, 11, 1, 75, 8, 1, 7, 1, 568, 14, 8, 206, 26, 7539, 56, 41, 22, 8, 1, 11, 18314, 60, 1370, 15, 5, 19802, 2630, 2607, 9, 14097, 5, 537, 7, 7168, 129, 116, 12, 60, 993, 15, 13742, 8, 11037, 29, 680, 8, 125, 91, 24, 1361, 6, 2475, 8, 718, 91, 8, 1, 337, 4680, 814, 4010, 11, 2586, 43, 1, 55, 15, 8, 2256, 39, 12, 212, 3067, 6, 4010, 177, 11, 3237, 28, 8, 16413, 25, 195, 113, 1317, 36, 2577, 10, 529, 48433, 91, 4010, 6, 12, 8974, 6, 62, 393, 4010, 412, 122, 5, 27860, 5, 5171, 113, 91, 9, 1, 0, 0, 0, 0, 0, 0, 0, 0, 0, 0, 0, 0, 0, 0, 0, 0, 0, 0, 0, 0, 0, 0, 0, 0, 0, 0, 0, 0, 0, 0, 0, 0, 0, 0, 0, 0, 0, 0, 0, 0, 0, 0, 0, 0, 0, 0, 0, 0, 0, 0, 0, 0, 0, 0, 0, 0, 0, 0, 0, 0, 0, 0, 0, 0, 0, 0, 0, 0, 0, 0, 0, 0, 0, 0, 0]","[6, 8, 2]","[0.402621784537157, 0.3270062101470948, 0.2703720053157481]","[3, 6, 15, 4, 2, 0, 0, 0]","City of Bones (The Mortal Instruments, #1)"
52,"[19, 10675, 12115, 242, 17, 9819, 6174, 18, 1, 4422, 756, 545, 27, 198, 1732, 77, 470, 9, 240, 61, 2324, 13792, 66, 5, 27271, 23237, 13, 2531, 28590, 27, 11862, 22, 2586, 274, 43, 13, 2231, 34, 3344, 70, 91, 22, 93, 10, 5, 6428, 10847, 6, 10125, 274, 1, 1694, 7586, 1732, 97, 41, 183, 163, 15688, 183, 1027, 24, 1269, 9, 5, 100, 13, 7239, 7873, 4386, 67, 91, 22, 41, 2073, 92, 93, 52, 71, 163, 82, 186, 9, 1, 4078, 11, 6720, 28, 8, 3101, 7, 211, 4764, 6, 8, 10857, 303, 810, 12, 462, 16, 4071, 3810, 133, 372, 120, 177, 1927, 28, 2304, 10, 5, 2494, 7, 30, 508, 21, 11, 363, 9, 1022, 99, 12, 65, 16, 1750, 6, 12, 708, 15, 4045, 67, 1358, 14, 12, 1268, 26, 5, 1850, 9, 6928, 5, 9206, 427, 99, 303, 6, 12048, 15, 12, 10054, 683, 12203, 3810, 26, 31, 54, 1268, 9, 22253, 45, 56, 749, 25, 96, 11, 1, 3305, 28, 2224, 6, 37, 1565, 38, 5269, 10652, 25400, 5, 12715, 689, 73, 10, 10343, 15256, 947, 303, 65, 10298, 0, 0, 0, 0, 0, 0, 0, 0, 0, 0, 0, 0, 0, 0, 0, 0, 0, 0, 0, 0, 0, 0, 0, 0, 0, 0, 0, 0, 0, 0, 0, 0, 0, 0, 0, 0, 0, 0, 0, 0, 0, 0, 0, 0, 0, 0, 0, 0, 0, 0, 0, 0, 0, 0, 0, 0, 0, 0, 0, 0, 0, 0, 0, 0, 0, 0, 0, 0]","[2, 4, 6]","[0.34251753777012045, 0.3408924415839122, 0.3165900206459674]","[6, 3, 4, 2, 15, 0, 0, 0]","Eclipse (Twilight, #3)"
53,"[19, 6894, 148, 4041, 3910, 87, 17, 3995, 19471, 18, 24, 550, 344, 241, 16, 1097, 1, 47, 36, 180, 26032, 1, 1, 55, 7, 3806, 39, 6894, 120, 8, 12820, 639, 1020, 10, 5, 6623, 22, 678, 30, 11, 5, 2132, 1091, 7, 8, 1595, 1532, 20839, 790, 30, 38, 2233, 13, 94, 8510, 16, 5, 14368, 25, 39, 5, 1020, 329, 8, 1070, 1, 6894, 213, 581, 22, 26, 5584, 376, 8, 1608, 575, 20, 151, 20, 5, 989, 1888, 9549, 13, 536, 45, 11, 14157, 6, 22, 11, 2511, 43, 8, 2005, 37, 55, 7, 5468, 1239, 6, 1628, 15, 52, 24, 285, 1854, 6, 5, 1930, 7, 24, 151, 2754, 16, 10746, 6894, 6, 5, 5901, 1070, 85, 3032, 5, 227, 6246, 6, 126, 841, 7, 24, 989, 1953, 28, 8, 297, 161, 301, 145, 63, 20834, 47, 6894, 150, 66, 5, 16984, 7, 5, 864, 1070, 1, 5, 405, 7, 5, 989, 140, 760, 10, 13, 3334, 0, 0, 0, 0, 0, 0, 0, 0, 0, 0, 0, 0, 0, 0, 0, 0, 0, 0, 0, 0, 0, 0, 0, 0, 0, 0, 0, 0, 0, 0, 0, 0, 0, 0, 0, 0, 0, 0, 0, 0, 0, 0, 0, 0, 0, 0, 0, 0, 0, 0, 0, 0, 0, 0, 0, 0, 0, 0, 0, 0, 0, 0, 0, 0, 0, 0, 0, 0, 0, 0, 0, 0, 0, 0, 0, 0, 0, 0, 0, 0, 0, 0, 0, 0, 0, 0, 0, 0, 0, 0, 0, 0, 0, 0]","[3, 7, 2]","[0.4408693301910723, 0.29014527281729985, 0.26898539699162793]","[3, 6, 2, 0, 0, 0, 0, 0]","Eragon (The Inheritance Cycle, #1)"
54,"[19, 5, 10771, 579, 9, 5, 3933, 20336, 579, 9, 5, 14996, 87, 17, 3996, 10494, 18, 10306, 107, 5, 537, 11, 12381, 9, 108, 100, 16, 8, 5696, 44283, 1587, 8815, 11, 10232, 187, 5, 1212, 28, 13, 273, 5493, 22714, 8, 7322, 16, 5, 2287, 241, 7, 5, 10771, 579, 9, 5, 3933, 1509, 16, 5, 118, 1940, 400, 26, 58, 6993, 20, 24, 49127, 1, 33, 4244, 1566, 499, 8, 222, 86, 1121, 5418, 28, 19609, 27, 5, 10771, 579, 37725, 36396, 11, 46, 5, 49, 22291, 4684, 281, 24, 10101, 21871, 47, 1, 6, 8, 1, 7, 1071, 1, 23733, 1, 1, 1, 1, 6, 2294, 1, 915, 7, 5, 32137, 1, 1, 2919, 1, 1, 1, 544, 1587, 1345, 9, 2321, 66, 34, 8, 4458, 1462, 133, 376, 8, 82, 1, 47687, 8, 49309, 2476, 6, 21009, 12386, 1, 1, 1, 8, 395, 3251, 847, 29, 11, 2107, 15, 5, 2161, 7, 44, 5, 1, 19495, 22, 6544, 109, 5, 751, 0, 0, 0, 0, 0, 0, 0, 0, 0, 0, 0, 0, 0, 0, 0, 0, 0, 0, 0, 0, 0, 0, 0, 0, 0, 0, 0, 0, 0, 0, 0, 0, 0, 0, 0, 0, 0, 0, 0, 0, 0, 0, 0, 0, 0, 0, 0, 0, 0, 0, 0, 0, 0, 0, 0, 0, 0, 0, 0, 0, 0, 0, 0, 0, 0, 0, 0, 0, 0, 0, 0, 0, 0, 0, 0, 0, 0, 0, 0, 0, 0, 0, 0, 0, 0, 0, 0, 0, 0, 0]","[2, 3, 11]","[0.4024434127300327, 0.31233002887435946, 0.2852265583956077]","[14, 2, 3, 8, 0, 0, 0, 0]","The Hitchhiker's Guide to the Galaxy (Hitchhiker's Guide to the Galaxy, #1)"
55,"[19, 1176, 37, 55, 17, 24062, 32720, 18, 1176, 37, 55, 11, 8, 6098, 95, 28, 460, 121, 18009, 45702, 308, 10, 29125, 6, 398, 10, 1, 6162, 162, 10, 8, 11548, 55, 4082, 6143, 28, 8417, 22375, 3062, 6, 24, 1, 478, 26052, 5, 95, 20627, 1576, 1155, 29491, 10, 1, 5387, 1, 1552, 33645, 6, 5648, 18360, 14, 35, 3735, 9, 108, 8, 6098, 576, 96, 11, 4718, 28, 52, 8, 586, 1, 5, 23258, 27351, 0, 0, 0, 0, 0, 0, 0, 0, 0, 0, 0, 0, 0, 0, 0, 0, 0, 0, 0, 0, 0, 0, 0, 0, 0, 0, 0, 0, 0, 0, 0, 0, 0, 0, 0, 0, 0, 0, 0, 0, 0, 0, 0, 0, 0, 0, 0, 0, 0, 0, 0, 0, 0, 0, 0, 0, 0, 0, 0, 0, 0, 0, 0, 0, 0, 0, 0, 0, 0, 0, 0, 0, 0, 0, 0, 0, 0, 0, 0, 0, 0, 0, 0, 0, 0, 0, 0, 0, 0, 0, 0, 0, 0, 0, 0, 0, 0, 0, 0, 0, 0, 0, 0, 0, 0, 0, 0, 0, 0, 0, 0, 0, 0, 0, 0, 0, 0, 0, 0, 0, 0, 0, 0, 0, 0, 0, 0, 0, 0, 0, 0, 0, 0, 0, 0, 0, 0, 0, 0, 0, 0, 0, 0, 0, 0, 0, 0, 0, 0, 0, 0, 0, 0, 0, 0, 0, 0, 0, 0, 0, 0, 0, 0, 0, 0, 0, 0, 0, 0, 0, 0, 0, 0, 0, 0, 0, 0, 0]","[6, 3, 5]","[0.4199457306208648, 0.32978988462583614, 0.2502643847532991]","[8, 2, 14, 3, 22, 0, 0, 0]",Brave New World
56,"[19, 1304, 1906, 12115, 441, 17, 9819, 6174, 18, 15861, 36, 1, 77, 1, 10443, 3637, 1, 41, 9821, 5948, 28, 5, 254, 7, 114, 74, 6796, 33, 566, 41, 71, 5553, 71, 5769, 97, 41, 63, 100, 9, 2643, 1, 2231, 7085, 219, 1, 274, 137, 1, 1514, 91, 112, 17071, 2780, 10, 114, 362, 41, 8, 237, 1, 22, 1, 51, 853, 5, 31, 29, 41, 780, 1382, 30, 186, 51, 63, 22526, 62, 102, 51, 3870, 62, 102, 51, 8855, 39, 823, 71, 113, 4036, 14, 299, 12750, 81, 103, 45, 41, 44, 51, 93, 9, 25847, 62, 102, 51, 50, 364, 2738, 81, 30, 41, 269, 51, 530, 1, 36, 5721, 10, 65, 15, 8, 303, 11, 119, 744, 6, 1342, 4556, 43, 8, 2907, 13658, 942, 16, 3810, 1, 2586, 10, 31, 6342, 28, 12, 1769, 483, 16, 1750, 21188, 6, 10, 215, 28, 12, 1310, 1181, 9, 3052, 4045, 4451, 8, 3004, 283, 7, 12996, 1917, 6, 14220, 42, 650, 12, 9, 5, 501, 952, 10233, 12, 6388, 737, 9, 1168, 869, 5, 126, 25, 1853, 55, 7, 6389, 56, 9, 3692, 8, 1368, 134, 45, 26, 142, 5, 5594, 27, 96, 5, 4478, 7, 72, 8183, 1, 14, 3810, 26, 193, 12, 9965, 8, 1524, 3012, 7, 3228, 434, 11, 46, 9, 6780, 15, 5557, 16426, 6, 1, 4129, 70, 39, 5, 25753, 8146, 7, 1, 45, 67, 60, 661, 10, 14297, 127, 4077, 6, 1146, 10, 37, 1565, 6, 10675, 67, 636, 684, 9, 2700, 6, 11672, 827]","[4, 5, 2]","[0.39110343325577906, 0.3108108975185719, 0.29808566922564905]","[6, 3, 4, 2, 15, 0, 0, 0]","Breaking Dawn (Twilight, #4)"
57,"[19, 5, 130, 45, 7, 10541, 17, 14492, 5128, 33191, 18, 162, 10, 743, 3388, 10, 17866, 5, 130, 45, 7, 10541, 298, 5, 57, 7, 2872, 49190, 161, 45, 26, 58, 2047, 219, 5, 16175, 1100, 7, 5, 5016, 12, 212, 41, 4622, 39, 22178, 1, 261, 1, 48358, 1, 26229, 123, 7, 5, 2125, 1, 10, 1232, 2872, 868, 9, 2324, 88, 119, 6628, 40, 524, 9, 1, 743, 1, 253, 14, 837, 5, 130, 9, 12, 1295, 816, 513, 10, 28, 24, 1884, 5805, 7, 261, 39941, 3154, 2872, 11, 2087, 9, 32, 2088, 55, 7, 10541, 6, 32636, 6, 5, 261, 1, 33, 11, 8, 396, 95, 46, 2816, 1138, 1131, 8, 57, 230, 38, 681, 6, 2066, 23, 9, 32, 2860, 16, 84, 9, 2904, 0, 0, 0, 0, 0, 0, 0, 0, 0, 0, 0, 0, 0, 0, 0, 0, 0, 0, 0, 0, 0, 0, 0, 0, 0, 0, 0, 0, 0, 0, 0, 0, 0, 0, 0, 0, 0, 0, 0, 0, 0, 0, 0, 0, 0, 0, 0, 0, 0, 0, 0, 0, 0, 0, 0, 0, 0, 0, 0, 0, 0, 0, 0, 0, 0, 0, 0, 0, 0, 0, 0, 0, 0, 0, 0, 0, 0, 0, 0, 0, 0, 0, 0, 0, 0, 0, 0, 0, 0, 0, 0, 0, 0, 0, 0, 0, 0, 0, 0, 0, 0, 0, 0, 0, 0, 0, 0, 0, 0, 0, 0, 0, 0, 0, 0, 0, 0, 0, 0, 0, 0, 0, 0, 0, 0, 0]","[4, 3, 7]","[0.37392020375316604, 0.3227785195692587, 0.3033012766775753]","[2, 10, 6, 8, 5, 16, 0, 0]",The Secret Life of Bees
58,"[19, 5, 677, 7, 18960, 6903, 17, 4109, 28334, 1863, 1, 20298, 1, 18, 8, 5749, 206, 27, 8, 6178, 1580, 253, 2251, 13, 677, 20, 22, 1646, 184, 5, 1580, 15, 8, 2667, 10329, 14895, 8, 94, 1428, 10, 8, 25644, 72, 27723, 6995, 9, 36, 17361, 6, 1028, 1, 1881, 29, 4051, 61, 16, 1, 0, 0, 0, 0, 0, 0, 0, 0, 0, 0, 0, 0, 0, 0, 0, 0, 0, 0, 0, 0, 0, 0, 0, 0, 0, 0, 0, 0, 0, 0, 0, 0, 0, 0, 0, 0, 0, 0, 0, 0, 0, 0, 0, 0, 0, 0, 0, 0, 0, 0, 0, 0, 0, 0, 0, 0, 0, 0, 0, 0, 0, 0, 0, 0, 0, 0, 0, 0, 0, 0, 0, 0, 0, 0, 0, 0, 0, 0, 0, 0, 0, 0, 0, 0, 0, 0, 0, 0, 0, 0, 0, 0, 0, 0, 0, 0, 0, 0, 0, 0, 0, 0, 0, 0, 0, 0, 0, 0, 0, 0, 0, 0, 0, 0, 0, 0, 0, 0, 0, 0, 0, 0, 0, 0, 0, 0, 0, 0, 0, 0, 0, 0, 0, 0, 0, 0, 0, 0, 0, 0, 0, 0, 0, 0, 0, 0, 0, 0, 0, 0, 0, 0, 0, 0, 0, 0, 0, 0, 0, 0, 0, 0, 0, 0, 0, 0, 0, 0, 0, 0, 0, 0, 0, 0, 0, 0, 0, 0, 0, 0, 0, 0, 0, 0, 0, 0, 0, 0, 0, 0, 0, 0, 0, 0, 0, 0, 0, 0, 0]","[3, 2, 11]","[0.48836774466790195, 0.3196330126067116, 0.1919992427253864]","[8, 2, 10, 6, 0, 0, 0, 0]",The Adventures of Huckleberry Finn
59,"[19, 18284, 1346, 17, 29300, 36899, 8221, 15828, 1, 15818, 18, 33, 299, 73, 28, 1246, 2155, 6023, 121, 7, 8618, 125, 6, 5, 20056, 7, 5, 15666, 11, 8, 258, 7, 1316, 1795, 14, 11, 14390, 46, 49516, 33, 32558, 1979, 1077, 3163, 1308, 41515, 28, 5164, 1, 49673, 1, 1, 141, 35, 5, 792, 10, 18284, 28530, 252, 66, 10, 1, 29968, 18284, 35877, 298, 7, 12, 978, 16, 8, 125, 8544, 293, 1, 29, 1120, 201, 8, 2273, 40, 116, 5684, 5, 65, 7, 8, 139, 293, 31872, 29, 1597, 1, 45, 39, 22, 41, 430, 5, 1, 7, 13, 1, 2155, 9762, 3852, 1170, 73, 11, 8, 2143, 95, 7, 2057, 267, 217, 6, 167, 14, 38, 1667, 9, 36, 5273, 28, 1415, 9, 2904, 33, 241, 1055, 1102, 1473, 1308, 28, 8416, 12055, 5, 466, 6644, 7, 1246, 2155, 9762, 8618, 125, 6, 2214, 4917, 20180, 125, 228, 862, 306, 176, 101, 3639, 0, 0, 0, 0, 0, 0, 0, 0, 0, 0, 0, 0, 0, 0, 0, 0, 0, 0, 0, 0, 0, 0, 0, 0, 0, 0, 0, 0, 0, 0, 0, 0, 0, 0, 0, 0, 0, 0, 0, 0, 0, 0, 0, 0, 0, 0, 0, 0, 0, 0, 0, 0, 0, 0, 0, 0, 0, 0, 0, 0, 0, 0, 0, 0, 0, 0, 0, 0, 0, 0, 0, 0, 0, 0, 0, 0, 0, 0, 0, 0, 0, 0, 0, 0, 0, 0, 0, 0, 0, 0, 0, 0, 0, 0, 0, 0, 0, 0]","[13, 4, 9]","[0.3679899842964437, 0.3322996861157359, 0.2997103295878203]","[8, 2, 6, 3, 0, 0, 0, 0]",Charlotte's Web
60,"[19, 5, 1748, 4039, 7, 5, 1167, 10, 5, 48726, 17, 4109, 44996, 18, 2603, 309, 5082, 18196, 145, 44, 5, 5049, 7, 5, 55, 6, 32, 40868, 6, 112, 2497, 995, 66, 9, 1, 22, 7008, 266, 9, 1864, 25, 26, 63, 782, 7, 134, 12432, 22, 590, 800, 9, 36, 1, 6, 22, 42493, 5, 1473, 1, 1426, 15, 8, 7372, 10149, 6309, 16, 2784, 2603, 1136, 11639, 6, 1, 42, 125, 10175, 22, 132, 23, 19487, 5364, 6, 8, 31249, 958, 10, 13, 17212, 127, 31, 660, 8, 26925, 4020, 36865, 11, 600, 6, 13, 1684, 30847, 1163, 11, 19994, 2603, 561, 59, 9, 1230, 5, 305, 10, 5, 2221, 7, 13, 6900, 1, 5263, 2070, 13685, 48, 670, 238, 16, 8, 95, 14, 11, 934, 1698, 6, 784, 10, 68, 2708, 7, 8, 424, 161, 1787, 6, 11345, 35, 8, 481, 14, 27168, 5, 55, 1908, 16943, 0, 0, 0, 0, 0, 0, 0, 0, 0, 0, 0, 0, 0, 0, 0, 0, 0, 0, 0, 0, 0, 0, 0, 0, 0, 0, 0, 0, 0, 0, 0, 0, 0, 0, 0, 0, 0, 0, 0, 0, 0, 0, 0, 0, 0, 0, 0, 0, 0, 0, 0, 0, 0, 0, 0, 0, 0, 0, 0, 0, 0, 0, 0, 0, 0, 0, 0, 0, 0, 0, 0, 0, 0, 0, 0, 0, 0, 0, 0, 0, 0, 0, 0, 0, 0, 0, 0, 0, 0, 0, 0, 0, 0, 0, 0, 0, 0, 0, 0, 0, 0, 0, 0, 0, 0]","[9, 5, 10]","[0.5506450278809254, 0.23687341240842524, 0.21248155971064941]","[2, 7, 6, 5, 8, 23, 0, 0]",The Curious Incident of the Dog in the Night-Time
61,"[19, 5, 139, 23, 5, 1263, 17, 29362, 18881, 18, 24, 3381, 344, 241, 16, 33, 1097, 47, 36, 180, 1, 3311, 5, 255, 30776, 1263, 112, 9527, 21, 145, 30, 38, 2552, 34, 5, 255, 6235, 136, 316, 13950, 8, 6221, 7, 105, 44480, 233, 75, 1276, 9, 596, 91, 21, 145, 5, 110, 29, 237, 10, 31, 7, 5, 32683, 1, 6, 1, 21, 771, 415, 32, 47082, 21, 781, 1, 6198, 81, 52, 1241, 102, 36, 14, 6639, 6, 127, 21, 781, 153, 35646, 315, 52, 8, 3677, 168, 5, 1263, 1074, 1978, 25, 315, 4600, 69, 21498, 4578, 69, 1241, 26, 8, 360, 9, 142, 8, 250, 7, 5, 132, 233, 52, 2758, 27, 20557, 69, 5592, 1, 233, 163, 54, 64, 70, 5, 139, 23, 5, 1, 0, 0, 0, 0, 0, 0, 0, 0, 0, 0, 0, 0, 0, 0, 0, 0, 0, 0, 0, 0, 0, 0, 0, 0, 0, 0, 0, 0, 0, 0, 0, 0, 0, 0, 0, 0, 0, 0, 0, 0, 0, 0, 0, 0, 0, 0, 0, 0, 0, 0, 0, 0, 0, 0, 0, 0, 0, 0, 0, 0, 0, 0, 0, 0, 0, 0, 0, 0, 0, 0, 0, 0, 0, 0, 0, 0, 0, 0, 0, 0, 0, 0, 0, 0, 0, 0, 0, 0, 0, 0, 0, 0, 0, 0, 0, 0, 0, 0, 0, 0, 0, 0, 0, 0, 0, 0, 0, 0, 0, 0, 0, 0, 0, 0, 0, 0, 0, 0, 0, 0, 0, 0, 0, 0]","[2, 4, 9]","[0.3989647908747021, 0.34610138002909696, 0.2549338290962009]","[2, 7, 9, 12, 13, 5, 0, 0]",The Girl on the Train
62,"[19, 5, 967, 14746, 11219, 126, 13833, 87, 17, 5013, 22768, 18, 12668, 11, 11863, 9, 5, 4234, 246, 5338, 78, 1541, 7504, 6, 39403, 2901, 6222, 5338, 78, 5, 1, 150, 5, 259, 40, 1, 12, 273, 1, 5338, 78, 12, 4030, 1822, 24378, 11, 469, 9, 1349, 8, 2053, 9, 8, 3685, 1, 31, 256, 139, 108, 8, 2481, 10, 268, 157, 6, 422, 1, 33, 11, 1, 8, 12902, 8, 1, 8, 22164, 6, 20, 1256, 6, 210, 8, 4228, 20, 5975, 56, 24378, 102, 1, 48, 12668, 307, 160, 11, 14, 9, 165, 31, 7, 88, 38, 36, 9, 7124, 5, 1430, 0, 0, 0, 0, 0, 0, 0, 0, 0, 0, 0, 0, 0, 0, 0, 0, 0, 0, 0, 0, 0, 0, 0, 0, 0, 0, 0, 0, 0, 0, 0, 0, 0, 0, 0, 0, 0, 0, 0, 0, 0, 0, 0, 0, 0, 0, 0, 0, 0, 0, 0, 0, 0, 0, 0, 0, 0, 0, 0, 0, 0, 0, 0, 0, 0, 0, 0, 0, 0, 0, 0, 0, 0, 0, 0, 0, 0, 0, 0, 0, 0, 0, 0, 0, 0, 0, 0, 0, 0, 0, 0, 0, 0, 0, 0, 0, 0, 0, 0, 0, 0, 0, 0, 0, 0, 0, 0, 0, 0, 0, 0, 0, 0, 0, 0, 0, 0, 0, 0, 0, 0, 0, 0, 0, 0, 0, 0, 0, 0, 0, 0, 0, 0, 0, 0, 0, 0, 0, 0, 0, 0, 0, 0, 0, 0, 0, 0, 0, 0, 0]","[3, 2, 8]","[0.3596098136527931, 0.3231147664283102, 0.3172754199188967]","[3, 6, 2, 14, 0, 0, 0, 0]","The Golden Compass (His Dark Materials, #1)"
63,"[19, 17737, 5096, 17, 8694, 18223, 2679, 935, 31485, 18, 51, 47, 89, 5, 17302, 344, 7, 33, 241, 45328, 1083, 34214, 1602, 241, 11, 726, 23, 5, 29110, 60, 241, 7, 5, 1849, 16, 5, 1622, 2568, 5, 3552, 26, 30741, 5, 29110, 1046, 15, 1053, 286, 1995, 6, 26, 21144, 8, 995, 7, 36698, 353, 1, 5, 1046, 11, 2764, 28, 1908, 37, 5277, 1, 9, 5, 1622, 241, 35, 1380, 7, 1459, 30312, 1328, 12868, 5, 1699, 7, 5, 29110, 241, 7, 17737, 5096, 20, 266, 20, 5, 2529, 7, 5, 38107, 2568, 2462, 6, 2882, 15573, 28, 5, 2517, 247, 5768, 7, 5, 386, 6, 2882, 15573, 28, 5, 2517, 247, 5768, 7, 5, 386, 6, 1750, 1, 4375, 6, 13720, 8775, 7, 5, 1511, 2428, 198, 5, 299, 1, 601, 1602, 12603, 7, 17737, 5096, 35, 32811, 123, 7, 88, 37, 9, 5, 1622, 1530, 8, 8618, 1, 4724, 5, 3199, 7, 8775, 10, 5, 1849, 935, 1, 3264, 2651, 17737, 1, 1578, 7, 6127, 6, 1602, 10986, 8576, 1429, 5501, 39503, 5, 1051, 7, 2147, 5859, 1733, 10, 5, 386, 146, 4631, 48864, 2400, 5, 4508, 1, 1768, 16934, 1, 27735, 5, 1051, 7, 1, 10, 1321, 20542, 7, 17737, 18896, 8, 8775, 6, 2146, 2623, 12248, 35, 116, 15100, 0, 0, 0, 0, 0, 0, 0, 0, 0, 0, 0, 0, 0, 0, 0, 0, 0, 0, 0, 0, 0, 0, 0, 0, 0, 0, 0, 0, 0, 0, 0, 0, 0, 0, 0, 0, 0, 0, 0, 0]","[9, 3, 7]","[0.5573052643787443, 0.2947810982254122, 0.14791363739584346]","[8, 2, 4, 10, 0, 0, 0, 0]",Wuthering Heights
64,"[19, 114, 4662, 5727, 17, 5215, 6983, 18, 1303, 11, 50, 14163, 25, 21, 232, 20, 266, 1724, 28, 348, 10378, 21, 26, 28370, 2195, 1, 1, 6, 9066, 71, 14, 12, 1005, 762, 9464, 47, 1736, 394, 5, 47017, 14, 26, 3774, 12, 208, 8313, 5, 4292, 7, 1, 3074, 31247, 1303, 41, 7151, 20, 8, 2337, 33677, 2418, 16, 1, 45, 6, 8, 1051, 14, 21, 26, 80, 1, 168, 2358, 91, 49, 12993, 1303, 11, 707, 9, 631, 29, 21, 530, 1498, 25, 1614, 49, 12993, 21, 26, 197, 58, 4358, 10, 1674, 7, 12, 1, 71, 1303, 238, 8, 1268, 14, 16, 49, 113, 36, 28410, 8, 1268, 14, 38, 2094, 12, 94, 1069, 6, 42, 790, 2732, 1338, 16, 5, 592, 21, 1, 1924, 95, 14, 3595, 135, 538, 8845, 11648, 114, 4662, 5727, 11, 5, 57, 7, 31, 1169, 427, 16, 943, 34, 44, 134, 8339, 6, 8, 604, 6693, 16, 44, 459, 0, 0, 0, 0, 0, 0, 0, 0, 0, 0, 0, 0, 0, 0, 0, 0, 0, 0, 0, 0, 0, 0, 0, 0, 0, 0, 0, 0, 0, 0, 0, 0, 0, 0, 0, 0, 0, 0, 0, 0, 0, 0, 0, 0, 0, 0, 0, 0, 0, 0, 0, 0, 0, 0, 0, 0, 0, 0, 0, 0, 0, 0, 0, 0, 0, 0, 0, 0, 0, 0, 0, 0, 0, 0, 0, 0, 0, 0, 0, 0, 0, 0, 0, 0, 0, 0, 0, 0, 0, 0, 0, 0, 0, 0, 0, 0, 0]","[4, 2, 5]","[0.3556643518706385, 0.3353722275133776, 0.3089634206159839]","[2, 5, 16, 6, 0, 0, 0, 0]",My Sister's Keeper
65,"[19, 1, 17, 7098, 3889, 4496, 18, 2623, 28, 5, 286, 1369, 20, 31, 7, 5, 2762, 117, 607, 7, 44, 316, 1, 24, 149, 2340, 11, 31, 7, 5, 640, 157, 1, 3639, 30524, 23, 5, 1887, 43976, 7, 14854, 3303, 12807, 2318, 86, 82, 5360, 5, 6415, 222, 7, 90, 74, 5496, 132, 20, 92, 324, 16, 891, 10, 48, 92, 594, 5544, 0, 0, 0, 0, 0, 0, 0, 0, 0, 0, 0, 0, 0, 0, 0, 0, 0, 0, 0, 0, 0, 0, 0, 0, 0, 0, 0, 0, 0, 0, 0, 0, 0, 0, 0, 0, 0, 0, 0, 0, 0, 0, 0, 0, 0, 0, 0, 0, 0, 0, 0, 0, 0, 0, 0, 0, 0, 0, 0, 0, 0, 0, 0, 0, 0, 0, 0, 0, 0, 0, 0, 0, 0, 0, 0, 0, 0, 0, 0, 0, 0, 0, 0, 0, 0, 0, 0, 0, 0, 0, 0, 0, 0, 0, 0, 0, 0, 0, 0, 0, 0, 0, 0, 0, 0, 0, 0, 0, 0, 0, 0, 0, 0, 0, 0, 0, 0, 0, 0, 0, 0, 0, 0, 0, 0, 0, 0, 0, 0, 0, 0, 0, 0, 0, 0, 0, 0, 0, 0, 0, 0, 0, 0, 0, 0, 0, 0, 0, 0, 0, 0, 0, 0, 0, 0, 0, 0, 0, 0, 0, 0, 0, 0, 0, 0, 0, 0, 0, 0, 0, 0, 0, 0, 0, 0, 0, 0, 0, 0, 0, 0, 0, 0, 0, 0, 0, 0, 0, 0, 0, 0]","[9, 2, 7]","[0.373813917092008, 0.33872997673868177, 0.2874561061693102]","[8, 2, 14, 10, 3, 0, 0, 0]",Slaughterhouse-Five
66,"[19, 676, 15, 5, 1860, 17, 3376, 12702, 18, 8579, 1, 5, 929, 11922, 326, 7, 8, 15817, 2734, 7294, 6194, 85, 541, 112, 357, 34, 12, 31324, 9, 12307, 12, 100, 59, 7, 5, 3347, 21, 120, 177, 10, 83, 1, 2173, 9, 5, 4420, 0, 0, 0, 0, 0, 0, 0, 0, 0, 0, 0, 0, 0, 0, 0, 0, 0, 0, 0, 0, 0, 0, 0, 0, 0, 0, 0, 0, 0, 0, 0, 0, 0, 0, 0, 0, 0, 0, 0, 0, 0, 0, 0, 0, 0, 0, 0, 0, 0, 0, 0, 0, 0, 0, 0, 0, 0, 0, 0, 0, 0, 0, 0, 0, 0, 0, 0, 0, 0, 0, 0, 0, 0, 0, 0, 0, 0, 0, 0, 0, 0, 0, 0, 0, 0, 0, 0, 0, 0, 0, 0, 0, 0, 0, 0, 0, 0, 0, 0, 0, 0, 0, 0, 0, 0, 0, 0, 0, 0, 0, 0, 0, 0, 0, 0, 0, 0, 0, 0, 0, 0, 0, 0, 0, 0, 0, 0, 0, 0, 0, 0, 0, 0, 0, 0, 0, 0, 0, 0, 0, 0, 0, 0, 0, 0, 0, 0, 0, 0, 0, 0, 0, 0, 0, 0, 0, 0, 0, 0, 0, 0, 0, 0, 0, 0, 0, 0, 0, 0, 0, 0, 0, 0, 0, 0, 0, 0, 0, 0, 0, 0, 0, 0, 0, 0, 0, 0, 0, 0, 0, 0, 0, 0, 0, 0, 0, 0, 0, 0, 0, 0, 0, 0, 0, 0, 0, 0, 0, 0, 0]","[2, 5, 10]","[0.3477316795484196, 0.3387359383308503, 0.31353238212073015]","[8, 10, 2, 4, 0, 0, 0, 0]",Gone with the Wind
67,"[19, 8, 863, 6762, 12967, 17, 29340, 26103, 18, 8, 863, 6762, 12967, 11, 8, 1385, 57, 162, 137, 5, 6257, 434, 7, 38871, 118, 1569, 1, 5, 2093, 3668, 9, 5, 4520, 7, 5, 11108, 9, 1, 1, 1432, 5, 2757, 2819, 2533, 6, 842, 7, 33, 416, 10, 5519, 134, 7747, 30, 11, 8, 174, 7, 72, 1415, 7, 397, 503, 46312, 220, 28, 5, 785, 4196, 7, 702, 78, 288, 33445, 427, 9, 3362, 2137, 8, 339, 89, 1, 16799, 27, 5, 224, 1373, 59, 219, 1, 28, 5, 255, 1983, 4919, 14, 193, 5, 15164, 8112, 8, 299, 2340, 8, 863, 6762, 12967, 11, 34, 133, 8, 396, 1904, 7, 123, 1014, 7, 10501, 224, 6, 8, 511, 410, 543, 7, 94, 6, 5693, 30, 11, 8, 1, 7963, 95, 7, 24, 6781, 316, 24, 897, 2057, 6, 24, 19008, 22213, 604, 1, 13575, 0, 0, 0, 0, 0, 0, 0, 0, 0, 0, 0, 0, 0, 0, 0, 0, 0, 0, 0, 0, 0, 0, 0, 0, 0, 0, 0, 0, 0, 0, 0, 0, 0, 0, 0, 0, 0, 0, 0, 0, 0, 0, 0, 0, 0, 0, 0, 0, 0, 0, 0, 0, 0, 0, 0, 0, 0, 0, 0, 0, 0, 0, 0, 0, 0, 0, 0, 0, 0, 0, 0, 0, 0, 0, 0, 0, 0, 0, 0, 0, 0, 0, 0, 0, 0, 0, 0, 0, 0, 0, 0, 0, 0, 0, 0, 0, 0, 0, 0, 0, 0, 0, 0, 0, 0, 0, 0, 0]","[2, 3, 4]","[0.33750194915084253, 0.33433225509316994, 0.32816579575598753]","[2, 10, 5, 0, 0, 0, 0, 0]",A Thousand Splendid Suns
68,"[19, 5, 19505, 7, 154, 8, 36791, 17, 1398, 1, 18, 1982, 23, 5, 13598, 7, 1, 8, 632, 15393, 25, 97, 158, 8, 82, 9, 1, 30, 680, 91, 27, 5, 1589, 1, 925, 95, 46, 5, 8362, 7, 49373, 7412, 483, 2792, 5, 604, 691, 7, 8, 1924, 37, 756, 10, 836, 16583, 5, 19505, 7, 154, 8, 1, 11, 5, 57, 7, 48, 129, 91, 9, 1086, 66, 10, 252, 1298, 54, 1356, 64, 8, 7893, 11374, 1328, 35, 2431, 6, 14309, 753, 6, 31233, 92, 140, 50, 160, 78, 22, 789, 92, 140, 50, 160, 9, 544, 22, 11, 6265, 44, 92, 160, 11, 5, 55, 22, 1, 526, 99, 469, 9, 237, 13, 45, 6, 469, 9, 458, 27, 30, 1432, 61, 23, 8, 330, 633, 86, 5807, 11967, 5, 55, 7, 60, 6882, 6, 3955, 1, 94, 8828, 6, 37, 1656, 5, 55, 7, 1876, 3068, 6, 5, 4184, 1095, 1119, 6233, 39, 44, 31, 5969, 11, 14, 5, 260, 1895, 23, 14, 260, 1307, 9, 596, 1, 18283, 1007, 1, 26, 571, 8, 511, 6822, 3015, 624, 8, 190, 95, 14, 38, 795, 51, 105, 9, 169, 605, 6, 1698, 9047, 13386, 331, 264, 20, 549, 1, 6570, 0, 0, 0, 0, 0, 0, 0, 0, 0, 0, 0, 0, 0, 0, 0, 0, 0, 0, 0, 0, 0, 0, 0, 0, 0, 0, 0, 0, 0, 0, 0, 0, 0, 0, 0, 0, 0, 0, 0, 0, 0, 0, 0, 0, 0, 0, 0, 0, 0, 0, 0]","[4, 3, 5]","[0.3523375989601361, 0.33989448768591446, 0.3077679133539494]","[6, 2, 5, 4, 8, 0, 0, 0]",The Perks of Being a Wallflower
69,"[19, 1, 10456, 164, 17, 8701, 6736, 18, 31, 737, 47, 1645, 1, 30, 47, 455, 1648, 25, 112, 737, 26, 9933, 6, 20, 11156, 28093, 10, 5, 6363, 44, 219, 312, 9729, 5155, 85, 1667, 469, 9, 216, 169, 21, 1, 1, 7950, 15, 925, 519, 7, 2574, 6, 8410, 979, 6, 4278, 1922, 6, 1, 9436, 175, 375, 42, 58, 2062, 28, 2443, 6, 2676, 15, 12, 1054, 1, 2315, 5, 175, 2647, 15, 2184, 45603, 144, 69, 6401, 20, 1685, 99, 5, 6363, 6, 32, 1, 32338, 6, 10, 131, 7, 702, 2548, 85, 36, 24863, 225, 38, 21440, 6, 1365, 38, 142, 75, 54, 1, 75, 54, 12826, 1956, 28, 12, 74, 2265, 25, 116, 28, 925, 2574, 6, 5090, 2665, 37, 14832, 6, 6467, 2832, 9729, 85, 1368, 1997, 12, 1, 75, 81, 21, 226, 50, 160, 48, 21, 140, 969, 28, 823, 1, 104, 131, 147, 121, 6497, 15541, 12715, 310, 73, 7, 5, 6098, 4470, 199, 11, 215, 12606, 3224, 1050, 7, 8, 624, 435, 15, 16695, 9128, 1, 1643, 6, 190, 1577, 46, 134, 3424, 0, 0, 0, 0, 0, 0, 0, 0, 0, 0, 0, 0, 0, 0, 0, 0, 0, 0, 0, 0, 0, 0, 0, 0, 0, 0, 0, 0, 0, 0, 0, 0, 0, 0, 0, 0, 0, 0, 0, 0, 0, 0, 0, 0, 0, 0, 0, 0, 0, 0, 0, 0, 0, 0, 0, 0, 0, 0, 0, 0, 0, 0, 0, 0, 0, 0, 0, 0, 0, 0, 0, 0, 0]","[2, 5, 6]","[0.3726335179967878, 0.31859396333464096, 0.3087725186685712]","[6, 2, 3, 14, 4, 0, 0, 0]","Insurgent (Divergent, #2)"
70,"[19, 8381, 450, 10457, 1852, 87, 17, 6280, 1052, 6312, 18, 2556, 1, 17714, 678, 22, 11, 1373, 2157, 1, 144, 44459, 22, 555, 10, 1466, 3743, 10, 153, 246, 54, 25228, 5, 1391, 7, 3074, 25560, 5481, 140, 36, 5, 1101, 1444, 537, 1237, 403, 10, 8, 144, 137, 24, 1166, 712, 1611, 9, 455, 44, 134, 179, 5, 52, 100, 9, 89, 59, 11, 9, 3365, 5481, 43, 98, 45142, 6250, 9, 6557, 239, 6, 89, 5, 4468, 9439, 56, 455, 61, 36675, 5481, 17714, 11, 454, 84, 151, 39, 30, 5433, 22, 38, 1086, 66, 1, 5481, 11, 50, 5, 52, 1391, 7, 5, 21516, 5, 144, 15, 5, 1, 26, 58, 3431, 16, 8, 803, 400, 6, 5, 462, 16, 5, 260, 1479, 26, 58, 14303, 367, 20, 4383, 8381, 72, 1005, 11044, 910, 6, 17670, 35, 112, 1455, 20, 1381, 20, 22, 555, 25, 10, 138, 332, 3230, 146, 910, 41, 183, 1, 6498, 5399, 138, 575, 10128, 5, 24754, 16, 1063, 12188, 1016, 41, 180, 7741, 16, 5, 1, 8081, 25, 40, 35, 1292, 28, 32, 7229, 7, 43286, 6, 28, 32, 45893, 1307, 16, 1628, 910, 1448, 9, 599, 5, 457, 3690, 9, 142, 8, 35324, 17669, 2632, 318, 54, 617, 5, 3359, 599, 7, 5, 3902, 7, 24947, 6, 1319, 8711, 86, 3775, 5867, 21481, 1210, 32, 2595, 6, 8453, 198, 5, 29691, 7, 5, 2157, 34137, 141, 72, 499, 521, 220, 9, 2046, 5, 1085, 7, 1, 537, 14, 26, 63, 317, 34, 44, 81, 32, 433]","[8, 5, 10]","[0.35155367545785365, 0.34258353300241784, 0.30586279153972856]","[14, 2, 6, 3, 8, 0, 0, 0]","Ender's Game (Ender's Saga, #1)"
